-- phpMyAdmin SQL Dump
-- version 5.2.0
-- https://www.phpmyadmin.net/
--
-- Host: 127.0.0.1
-- Generation Time: Mar 10, 2023 at 04:47 PM
-- Server version: 10.4.25-MariaDB
-- PHP Version: 8.1.10

SET SQL_MODE = "NO_AUTO_VALUE_ON_ZERO";
START TRANSACTION;
SET time_zone = "+00:00";


/*!40101 SET @OLD_CHARACTER_SET_CLIENT=@@CHARACTER_SET_CLIENT */;
/*!40101 SET @OLD_CHARACTER_SET_RESULTS=@@CHARACTER_SET_RESULTS */;
/*!40101 SET @OLD_COLLATION_CONNECTION=@@COLLATION_CONNECTION */;
/*!40101 SET NAMES utf8mb4 */;

--
-- Database: `lyz`
--

-- --------------------------------------------------------

--
-- Table structure for table `tbladmin`
--

CREATE TABLE `tbladmin` (
  `id` int(11) NOT NULL,
  `AdminUserName` varchar(255) DEFAULT NULL,
  `AdminPassword` varchar(255) DEFAULT NULL,
  `AdminEmailId` varchar(255) DEFAULT NULL,
  `userType` int(11) DEFAULT NULL,
  `CreationDate` timestamp NOT NULL DEFAULT current_timestamp(),
  `UpdationDate` timestamp NULL DEFAULT NULL ON UPDATE current_timestamp(),
  `Is_Active` int(11) NOT NULL DEFAULT 1
) ENGINE=InnoDB DEFAULT CHARSET=utf8mb4;

--
-- Dumping data for table `tbladmin`
--

INSERT INTO `tbladmin` (`id`, `AdminUserName`, `AdminPassword`, `AdminEmailId`, `userType`, `CreationDate`, `UpdationDate`, `Is_Active`) VALUES
(13, 'zhiwar', '1234', 'zhiwar@gmail.com', 1, '2023-02-25 19:49:23', '2023-03-06 16:52:27', 1),
(15, 'larinn', '1234', 'larin@gmail.com', 0, '2023-03-07 04:30:45', '2023-03-07 05:08:36', 1),
(16, 'yasinn', '1234', 'yasin@gmail.com', 0, '2023-03-07 04:32:11', NULL, 1),
(17, 'unkown', '1234', 'a@gmail.com', 0, '2023-03-07 05:10:10', '2023-03-07 06:17:36', 0),
(18, 'yasinaaaaaaaa', '1', 'a@gmail.com', 0, '2023-03-07 17:05:52', '2023-03-07 17:07:31', 0),
(19, 'hawkarrrrrrrr', '1', 'a1@gmail.com', 0, '2023-03-07 17:06:13', '2023-03-07 17:07:37', 0),
(20, 'tekoshar', 'e', 'a2@gmail.com', 0, '2023-03-07 17:06:40', '2023-03-07 17:07:40', 0);

-- --------------------------------------------------------

--
-- Table structure for table `tblcategory`
--

CREATE TABLE `tblcategory` (
  `id` int(11) NOT NULL,
  `CategoryName` varchar(200) DEFAULT NULL,
  `Description` mediumtext DEFAULT NULL,
  `PostingDate` timestamp NULL DEFAULT current_timestamp(),
  `UpdationDate` timestamp NULL DEFAULT NULL ON UPDATE current_timestamp(),
  `Is_Active` int(1) DEFAULT NULL
) ENGINE=InnoDB DEFAULT CHARSET=utf8mb4;

--
-- Dumping data for table `tblcategory`
--

INSERT INTO `tblcategory` (`id`, `CategoryName`, `Description`, `PostingDate`, `UpdationDate`, `Is_Active`) VALUES
(12, 'هەواڵ', NULL, '2023-02-25 19:50:08', '2023-03-01 09:48:30', 1),
(19, 'وتار', NULL, '2023-02-26 13:51:58', NULL, 1),
(20, 'کلتور', NULL, '2023-02-26 13:52:05', NULL, 1),
(21, 'ژیان', NULL, '2023-02-28 18:39:34', '2023-02-28 18:39:55', 1),
(22, 'ڕاپۆرت', NULL, '2023-02-28 18:42:07', NULL, 1),
(23, 'شیکردنەوە', NULL, '2023-02-28 18:42:07', NULL, 1),
(24, 'گەلەری', NULL, '2023-02-28 18:42:07', '2023-03-05 07:48:17', 0);

-- --------------------------------------------------------

--
-- Table structure for table `tblcomments`
--

CREATE TABLE `tblcomments` (
  `id` int(11) NOT NULL,
  `postId` int(11) DEFAULT NULL,
  `name` varchar(120) DEFAULT NULL,
  `email` varchar(150) DEFAULT NULL,
  `comment` mediumtext DEFAULT NULL,
  `postingDate` timestamp NULL DEFAULT current_timestamp(),
  `status` int(1) DEFAULT NULL
) ENGINE=InnoDB DEFAULT CHARSET=utf8mb4;

-- --------------------------------------------------------

--
-- Table structure for table `tblpages`
--

CREATE TABLE `tblpages` (
  `id` int(11) NOT NULL,
  `PageName` varchar(200) DEFAULT NULL,
  `PageTitle` mediumtext DEFAULT NULL,
  `Description` longtext DEFAULT NULL,
  `PostingDate` timestamp NULL DEFAULT current_timestamp(),
  `UpdationDate` timestamp NULL DEFAULT NULL ON UPDATE current_timestamp()
) ENGINE=InnoDB DEFAULT CHARSET=utf8mb4;

-- --------------------------------------------------------

--
-- Table structure for table `tblposts`
--

CREATE TABLE `tblposts` (
  `id` int(11) NOT NULL,
  `PostTitle` longtext DEFAULT NULL,
  `CategoryId` int(11) DEFAULT NULL,
  `SubCategoryId` int(11) DEFAULT NULL,
  `PostDetails` longtext DEFAULT NULL,
  `PostingDate` timestamp NULL DEFAULT current_timestamp(),
  `UpdationDate` timestamp NULL DEFAULT NULL ON UPDATE current_timestamp(),
  `Is_Active` int(1) DEFAULT NULL,
  `PostUrl` mediumtext DEFAULT NULL,
  `PostImage` varchar(255) DEFAULT NULL,
  `viewCounter` int(11) DEFAULT NULL,
  `postedBy` varchar(255) DEFAULT NULL,
  `lastUpdatedBy` varchar(255) DEFAULT NULL
) ENGINE=InnoDB DEFAULT CHARSET=utf8mb4;

--
-- Dumping data for table `tblposts`
--

INSERT INTO `tblposts` (`id`, `PostTitle`, `CategoryId`, `SubCategoryId`, `PostDetails`, `PostingDate`, `UpdationDate`, `Is_Active`, `PostUrl`, `PostImage`, `viewCounter`, `postedBy`, `lastUpdatedBy`) VALUES
(22, 'خوان لاپۆرتا، سەرۆکی یانەی بارسێلۆنا له‌ كۆبوونه‌وه‌یه‌كدا لەگەڵ خۆرخی باوکی لیۆنێل مێسی گفتووگۆیان له‌ باره‌ی چاره‌نووسی ئه‌ستێره‌ ئارجێنتینایه‌كه‌ی یانه‌ی پاریس سانجێرمان كردووه‌.', 12, 16, '<p>بەگوێرەی ڕادیۆی کەتەلۆنیای ئیسپانیا، گفتووگۆیه&zwnj;كانی خۆرخی له&zwnj;گه&zwnj;ڵ لاپۆرتا له&zwnj; پێناو گه&zwnj;ڕانه&zwnj;وه&zwnj;ی كوڕه&zwnj;كه&zwnj;یه&zwnj;تی بۆ بارسێلۆنا<br />\r\nئەمە لەکاتێکدایە چەند ڕۆژێک لەمەوبەر خۆرخی باوكی مێسی بە ڕۆژنامەی &quot;سپۆرت&quot;ـی كه&zwnj;ته&zwnj;لۆنیای ڕاگەیاندبوو، زه&zwnj;حمه&zwnj;ته&zwnj; لیۆ مێسی جارێکی دیکە یاری بۆ بارسێلۆنا بکاتەوە، ئاماژه&zwnj;ی بۆ ئه&zwnj;وه&zwnj;ش كردبوو لەگەڵ لاپۆرتا قسەی نەکردووە، هیچ ئۆفەرێکیش لەلایەن ئەوانەوە پێشكه&zwnj;شی مێسی نه&zwnj;كراوه&zwnj;.<br />\r\nخۆرخی له&zwnj; دوایین دانیشتنی له&zwnj;گه&zwnj;ڵ لاپۆرتا، له&zwnj; باره&zwnj;ی لێدوانه&zwnj;كانی ماتیاسی برای مێسی له&zwnj; دژی سه&zwnj;رۆكی بارسێلۆنا روونكردنه&zwnj;وه&zwnj;ی بۆ لاپۆرتا داوه&zwnj;.<br />\r\nبه&zwnj;وپێیه&zwnj;ی ماتیاس له&zwnj; سه&zwnj;ره&zwnj;تای ئه&zwnj;م مانگه&zwnj; رایگه&zwnj;یاند تا لاپۆرتا و داروده&zwnj;سته&zwnj;كانی خاوه&zwnj;نی بارسێلۆنا بن مێسی هه&zwnj;رگیز ناگەڕێتەوە بۆ بارسێلۆنا و ئه&zwnj;گه&zwnj;ر مێسی نه&zwnj;بووایه&zwnj; كه&zwnj;س بارسێلۆنای نه&zwnj;ده&zwnj;ناسی و خه&zwnj;ڵك زیاتر ریال مه&zwnj;دریدی ده&zwnj;ناسی.<br />\r\nرادیۆی كه&zwnj;ته&zwnj;لۆنیا ئاماژه&zwnj;ی بۆ ئه&zwnj;وه&zwnj; كردووه&zwnj; كۆبوونه&zwnj;وه&zwnj;كه&zwnj;ی نێوان لاپۆرتا و خۆرخی زیاتر بۆ ئاسایی بوونه&zwnj;وه&zwnj;ی په&zwnj;یوه&zwnj;ندییه&zwnj;كانه&zwnj; و له&zwnj; داهاتوو كۆبوونه&zwnj;وه&zwnj;یه&zwnj;كی دیكه&zwnj;ی یه&zwnj;كلاكه&zwnj;ره&zwnj;وه&zwnj; ده&zwnj;كه&zwnj;ن.<br />\r\nلیۆنێل مێسی بۆ پشوویەکی کورت گه&zwnj;ڕاوه&zwnj;ته&zwnj;وه&zwnj; بارسێلۆنا و له&zwnj;گه&zwnj;ڵ سێرخیۆ بۆسكێتس و جۆردی ئالبا له&zwnj; ئێواره&zwnj;خوانێكدا كه&zwnj;وتنه&zwnj; به&zwnj;ر زوومی كامیراكان.<br />\r\nمێسی بە یەکێک لە ئەفسانەی بارسێلۆنا دادەنرێت، لەگەڵ یانە کەتەلۆنییەکەدا هەموو نازناوه&zwnj;كانی بەدەستهێنا، بەڵام لە هاوینی 2021 بارسێلۆنا به&zwnj; هۆكاری قه&zwnj;یرانی دارایی نه&zwnj;یتوانی گرێبه&zwnj;ستی مێسی نوێ بكاته&zwnj;وه&zwnj; و ئه&zwnj;و یاریزانه&zwnj; ڕووی لە پاریس سانجێرمان کرد، گرێبەستەکەشی لەگەڵ یانه&zwnj; پاریسییه&zwnj;كه&zwnj; له&zwnj; هاوینی ئه&zwnj;مساڵ كۆتایی دێت.</p>\r\n', '2023-02-25 19:53:16', '2023-03-06 17:13:56', 1, 'خوان-لاپۆرتا،-سەرۆکی-یانەی-بارسێلۆنا-له‌-كۆبوونه‌وه‌یه‌كدا-لەگەڵ-خۆرخی-باوکی-لیۆنێل-مێسی-گفتووگۆیان-له‌-باره‌ی-چاره‌نووسی-ئه‌ستێره‌-ئارجێنتینایه‌كه‌ی-یانه‌ی-پاریس-سانجێرمان-كردووه‌.', '394659692a460258b45a99f1424ea357.jpg', 44, 'zhiwar', NULL),
(23, 'وه‌زاره‌تی بازرگانی عێراق رایگه‌یاند، بۆ مانگی ره‌مه‌زانی پیرۆز، سه‌به‌ته‌ی خۆراكی خێزانەکان ئاماده‌یه‌ و دابه‌ش ده‌كرێت.', 12, 20, '<p>لوما هاشم ئه&zwnj;لموسه&zwnj;وی، به&zwnj;ڕێوه&zwnj;به&zwnj;ری كۆمپانیای گشتیی بازرگانی خۆراك له&zwnj; وه&zwnj;زاره&zwnj;تی بازرگانی ئاژانسی هه&zwnj;واڵی عێراقی راگه&zwnj;یاند،&nbsp;سه&zwnj;به&zwnj;ته&zwnj;ی خۆراكی مانگی ره&zwnj;مه&zwnj;زانی پیرۆز ئاماده&zwnj;یه&zwnj;، ده&zwnj;شڵێت،&nbsp; پێنج رۆژ پێش هاتنی ئه&zwnj;و مانگه&zwnj; ده&zwnj;ست به&zwnj; دابه&zwnj;شكردنی ده&zwnj;كرێت.</p>\r\n\r\n<p>ئه&zwnj;لموسه&zwnj;وی ئاماژه&zwnj;ی به&zwnj;وه&zwnj;شكرد، سه&zwnj;به&zwnj;ته&zwnj; خۆراكه&zwnj;كه&zwnj;ی مانگی ره&zwnj;مه&zwnj;زان وه&zwnj;كو مانگه&zwnj;كانی دیكه&zwnj;یه&zwnj;، ته&zwnj;نها هه&zwnj;ندێك پێشنیاز هه&zwnj;یه&zwnj; بۆ زیادكردنی مریشك و هێلكه&zwnj;.</p>\r\n\r\n<p>به&zwnj;ڕێوه&zwnj;به&zwnj;ره&zwnj;كه&zwnj;ی كۆمپانیای گشتیی بازرگانی روونیشیكرده&zwnj;وه&zwnj;: بۆ زیادكردنی به&zwnj;شه&zwnj; خۆراك پێویستمان به&zwnj; ره&zwnj;زامه&zwnj;ندی ئه&zwnj;نجومه&zwnj;نی وه&zwnj;زیران هه&zwnj;یه&zwnj;، ئاماژه&zwnj;ی به&zwnj;وه&zwnj;شدا، دابه&zwnj;شكردنی سه&zwnj;یه&zwnj;ته&zwnj;ی خۆراكی مانگانه&zwnj;، كاریگه&zwnj;رییه&zwnj;كی گه&zwnj;روه&zwnj;ی هه&zwnj;یه&zwnj; له&zwnj;سه&zwnj;ر نرخی خۆراك له&zwnj; بازاڕه&zwnj;كان.</p>\r\n', '2023-02-26 14:19:46', '2023-03-08 05:20:07', 1, 'وه‌زاره‌تی-بازرگانی-عێراق-رایگه‌یاند،-بۆ-مانگی-ره‌مه‌زانی-پیرۆز،-سه‌به‌ته‌ی-خۆراكی-خێزانەکان-ئاماده‌یه‌-و-دابه‌ش-ده‌كرێت.', 'e406a176596f79777aa4838582ab064e.jpg', 5, 'zhiwar', NULL),
(24, 'قەیرانی سەوزە و میوە لە بەریتانیا سەری هەڵداوە', 12, 19, '<p><strong>K24 - هەولێر:</strong></p>\r\n\r\n<p><strong>بەهۆی قەیرانی خۆراکەوە بەشێک لە دانیشتووانی بەریتانیا ناچارن لەبری تەماتە و كاهوو روو لە خواردنی شێلم بکەن.</strong></p>\r\n\r\n<p>وەزیری ژینگە و خۆراکی بەریتانیا رایگەیاند، بەهۆی کەمبوونەوەی بەرچاوی سەوزە و میوە لە فرۆشگاکانی وڵاتەکە بەشێکی زۆر لە دانیشتووانی وڵاتەکە ناچارن روو لە خواردنی شێلم بکەن.</p>\r\n\r\n<p>پێشبینی وەزیری ژینگە دڵەڕاوکێی لەنێو جووتیاران دروستکردووە، کە پێشبینی کردبوو، ئەو کورتهێنانە تەنیا مانگێک دەخایەنێت، بەڵام جووتیاران پێیان وایە ماوەکە زۆر زیاترە.</p>\r\n\r\n<p>جووتیارانی بەریتانیا هۆکاری ئەو قەیرانە بۆ بەرزبوونەوەی بەرچاوی نرخی وزە و کەمبوونەوەی هێزی کار و بەربەستە بازرگانییەکان دەگەڕێننەوە، بە تایبەت ئەو رێوشوێنانەی دوای برێکزت گیرانەبەر.</p>\r\n\r\n<p>ئەمە لە کاتێکدایە، بەهۆی ئەو قەیرانەوە چوار لە گەورەترین فرۆشگاکانی بەریتانیا بڕی کڕینی تەماتە، خەیار و بیبەر و چەندین سەوزەی دیکەیان سنووردار کردووە.</p>\r\n\r\n<p>بە گوێرەی داتاکانیش خواستی ناوخۆی وڵاتەکە بۆ تەماتە 500 هەزار تۆنە لە ساڵێکدا.</p>\r\n', '2023-02-26 14:40:33', '2023-03-06 17:06:54', 1, 'قەیرانی-سەوزە-و-میوە-لە-بەریتانیا-سەری-هەڵداوە', '270ee74b40f629ca6e9cfb84a1d07b43.jpg', 3, 'zhiwar', NULL),
(25, 'لە وڵاتێکی دیکەی رۆژهەڵاتی ناوڕاست بوومەلەرزە روویدا', 12, 22, '<p><strong>بوومەلەرزەیەک بەگوڕی 4.1 پلەی رێختەر شاری &quot;دوقم&quot;ـی لە عومان هەژاند.</strong></p>\r\n\r\n<p>شاری دوقم دەکەوێتە کەناری دەریای عەرەبییەوە و ناوەندی بوومەلەرزەناسی لە عومان لەوبارەیەوە رایگەیاند، ئەمڕۆ یەکشەممە بوومەلەرزەیەک بەگوڕی 4.1 پلەی رێختەر لەو شارەی داوە.</p>\r\n\r\n<p>لەدوای بوومەلەرزە وێرانکەرەکەی سووریا و تورکیاوە، کە رۆژی 6ـی شوبات روویدا، چەندین پاشلەرزە لەو دوو وڵاتە روویانداوە و لە چەند وڵاتێکی دیکەش بوومەلەرزەی پلە نزم و ماوە کورت هەستیان پێکراوە.</p>\r\n', '2023-02-26 14:50:18', NULL, 1, 'لە-وڵاتێکی-دیکەی-رۆژهەڵاتی-ناوڕاست-بوومەلەرزە-روویدا', 'eb6f6c53442b273444f8bd7aaa08800d.jpg', NULL, 'zhiwar', NULL),
(26, 'ئێمباپێ به‌ رۆیشتنی مێسی و نێیمار له‌ پاریس دڵخۆشه‌', 12, 16, '<p><strong>بەپێی سەرچاوەکان، کیلیان ئێمباپێ دوای بڵاوبوونەوەی هەواڵی رۆیشتنی مێسی و نێیمار لە پاریس سانجێرمان هەست بە ئاسوودەیی دەکات.</strong></p>\r\n\r\n<p>تۆڕی لێ تێن سپۆرتی فەرەنسی بڵاویکردەوە، ئێمباپێ دڵخۆشە بە دەنگۆی رۆیشتنی مێسی و نێیمار لە ریزەکانی پاریس سانجێرمان بەهۆی ئەوەی لە ژووری جلگۆڕینی پاریس سانجێرمان دەبێتە ئەستێرەی یەکەمی یانەکە، بەتایبەت لە کاتێکدا هێشتا پەیوەندییەکی باشی لەگەڵ نێیمار نییە.</p>\r\n\r\n<p>سەرچاوە فەرەنسیەکە ئاماژەی بەوەش کردووە ئەگەر ئەم دووانەیە لە سانجێرمان بڕۆن، ئێمباپێ دەبێتە سەرکردە و دەتوانێت بە ئاسانی بە تەنیا رێنمایی بە هاوڕێیه&zwnj;کانی بدات.</p>\r\n\r\n<p>جگە لەوەش ئێمباپێ دەیەوێت دەسەڵاتەکانی بۆ گرێبەستە نوێیەکانی پاریس بەکار بهێنێت بۆ پڕکردنەوەی شوێنی مێسی و نێیمار.</p>\r\n\r\n<p>ئەمە لە کاتێکدایە مێسی لە هاوینی داهاتوو گرێبەستەکەی کۆتایی دێت و پاریس سانجێرمانیش هەوڵدەدات گرێبەستەکەی نوێ بکاتەوە. له&zwnj; لایه&zwnj;كی دیكه&zwnj;یشه&zwnj;وه&zwnj; نێیمار له&zwnj; ناوه&zwnj;راستی ئه&zwnj;م مانگه&zwnj; ته&zwnj;مه&zwnj;نی بووه&zwnj; 31 ساڵ په&zwnj;یوه&zwnj;سته&zwnj; به&zwnj; گرێبه&zwnj;ستێك به&zwnj; مووچه&zwnj;ی ساڵانه&zwnj;ی 30 ملیۆن یۆرۆ تا 2027، به&zwnj;ڵام ده&zwnj;نگۆیه&zwnj;كی به&zwnj;هێز هه&zwnj;یه&zwnj; ئه&zwnj;و یاریزانه&zwnj; پێش كۆتایی هاتنی گرێبه&zwnj;سته&zwnj;كه&zwnj;ی له&zwnj; پاریس بڕوات.</p>\r\n', '2023-02-26 14:53:34', NULL, 1, 'ئێمباپێ-به‌-رۆیشتنی-مێسی-و-نێیمار-له‌-پاریس-دڵخۆشه‌', '10bafd33a788e2b82aaefb891c0e8b86.jpg', NULL, 'zhiwar', NULL),
(27, 'به‌په‌له‌.. تیروپشكی جامی عێراق راكێشرا', 12, 16, '<p>&nbsp;</p>\r\n\r\n<p>تیروپشكی پاڵه&zwnj;وانێتی جامی عێراق به&zwnj; به&zwnj;شداریی 32 یانه&zwnj; راكێشرا، یانه&zwnj;ی زاخۆ له&zwnj; ئه&zwnj;ركێكی قورس دا رووبه&zwnj;ڕووی زه&zwnj;ورا ده&zwnj;بێته&zwnj;وه&zwnj;، ئه&zwnj;ركی یانه&zwnj;كانی هه&zwnj;ولێر، نه&zwnj;ورۆز و دهۆكیش تاڕاده&zwnj;یه&zwnj;ك له&zwnj;م قۆناخه&zwnj; ئاسانه&zwnj;.<br />\r\nئه&zwnj;مڕۆ سێشه&zwnj;ممه&zwnj;، 21 شووباتی 2022، له&zwnj; شاری به&zwnj;غدا تیروپشكی جامی عێراق راكێشرا، یانه&zwnj;ی هه&zwnj;ولێر له&zwnj; ده&zwnj;ره&zwnj;وه&zwnj;ی یاریگه&zwnj;ی خۆی ده&zwnj;بێته&zwnj; میوانی یانه&zwnj;ی سه&zwnj;ماوه&zwnj;.<br />\r\nیانه&zwnj;ی دهۆكیش رووبه&zwnj;ڕووی قاسم ده&zwnj;بێته&zwnj;وه&zwnj;، نه&zwnj;ورۆز و نه&zwnj;فتی میسان به&zwnj;رامبه&zwnj;ر یه&zwnj;كتر یاریی ده&zwnj;كه&zwnj;ن. هه&zwnj;رچی یانه&zwnj;ی زاخۆیه&zwnj; له&zwnj; نێو یاریگه&zwnj;ی خۆی باوه&zwnj;ش بۆ یانه&zwnj;ی زه&zwnj;ورا ده&zwnj;كاته&zwnj;وه&zwnj;.<br />\r\nله&zwnj; لایه&zwnj;كی دیكه&zwnj;یشه&zwnj;وه&zwnj;، یانه&zwnj;ی گازی باكووری شاری كه&zwnj;ركووك ڕووبه&zwnj;ڕووی یانه&zwnj;ی شه&zwnj;رگاتی دراوسێی ده&zwnj;بێته&zwnj;وه&zwnj;.<br />\r\nبڕیاره&zwnj; یارییه&zwnj;كانی ده&zwnj;ستپێكی جامی عێراق له&zwnj; رۆژانی 7 و 8ـی مانگی داهاتوو ده&zwnj;ست پێ بكه&zwnj;ن.<br />\r\nئه&zwnj;مه&zwnj;ی خواره&zwnj;وه&zwnj; خشته&zwnj;ی به&zwnj;شێكی دیكه&zwnj; له&zwnj; ڕووبه&zwnj;ڕبوونه&zwnj;وه&zwnj;كانی جامی عێراقه&zwnj;.<br />\r\n(نه&zwnj;فتی ناوه&zwnj;راست ـ حیفا)،&nbsp; (ته&zwnj;ڵه&zwnj;به&zwnj; ـ دیوانیه&zwnj;)،&nbsp; (نه&zwnj;جه&zwnj;ف ـ ئه&zwnj;مانه&zwnj;ی به&zwnj;غدا)،&nbsp; (شورته&zwnj; ـ مه&zwnj;سافی جنووب)، (رومادی ـ به&zwnj;حری)، (حر ـ قوه&zwnj;ی جه&zwnj;وییه&zwnj;)، (كه&zwnj;رخ ـ كاره&zwnj;با)، (مه&zwnj;سافی ـ نه&zwnj;فت)، (حدود ـ حه&zwnj;وێجه&zwnj;) و (نه&zwnj;فتی به&zwnj;سره&zwnj; ـ عفك).</p>\r\n', '2023-02-26 14:55:49', '2023-03-09 11:15:32', 1, 'به‌په‌له‌..-تیروپشكی-جامی-عێراق-راكێشرا', '7513bc9f0320d0aec71b1448f3f6fa10.jpg', 10, 'zhiwar', NULL),
(28, 'روونكردنەوەیەك لە وەزارەتی داراییەوە سەبارەت بە مووچەی خانەنشینان لە هەولێر', 12, 19, '<p>K24 - هه&zwnj;ولێر:</p>\r\n\r\n<p><strong>وه&zwnj;زاره&zwnj;تی دارایی حكومه&zwnj;تی هه&zwnj;رێمی كوردستان روونكردنه&zwnj;وه&zwnj;یه&zwnj;كی له&zwnj;باره&zwnj;ی دابه&zwnj;شكردنی مووچه&zwnj;ی خانه&zwnj;نشینان له&zwnj; شاری هه&zwnj;ولێر بڵاوكرده&zwnj;وه&zwnj; و ده&zwnj;ڵێت، ئه&zwnj;مڕۆ چوارشه&zwnj;ممه&zwnj; بەهۆی زۆری ژمارەی مووچەخۆرانی خانەنشینەوە، بەشێوەیەكی كاتی قەرەباڵغی لەدابەش كردنی مووچە لە چەند بانكێكی شاری هەولێر دروست بوو، به&zwnj;ڵام كێشه&zwnj;كه&zwnj; چاره&zwnj;سه&zwnj;ركرا.</strong></p>\r\n\r\n<p>ئه&zwnj;مڕۆ چوارشه&zwnj;ممه&zwnj; (22ـی شوبات/فێبرێوه&zwnj;ری 2023)، مەولوود سابیر، بەڕێوەبەری گشتی بانكە بازرگانیەكانی هەرێمی كوردستان له&zwnj; راگه&zwnj;یه&zwnj;ندراوێكدا رایگەیاند، &quot;ساڵانە بەڕێوبەرایەتی گشتی خانەنشینی هەرێمی كوردستان ئامارێك بڵاودەكاتەوە بۆ سەرجەم بانكە بازرگانیەكان، كە فۆڕمێكی تایبەتە بە ئامادەبوونی خانەنشینان بەمەبەستی وەرگرتنی مووچەكانیان لە مانگی یەكی هەموو ساڵێك.&quot;</p>\r\n\r\n<p>له&zwnj; راگه&zwnj;یه&zwnj;ندراوه&zwnj;كه&zwnj;دا هاتووه&zwnj;: رۆژی چوارشەممە 22/2/2023، لەسەرجەم ئەو بانكە بازرگانییانەی كە مووچەی خانەنشینی شارستانی دابەش دەكەن، لیژنەیەك لە لایەن بەڕێوبەرایەتی گشتی خانەنشینەوە دانرا بەهەماهەنگی لەگەڵ بەڕێوبەرایەتی گشتی بانكە بازرگانیەكان، كە پێكهاتبوون لە 3 فەرمانبەر لە هەر بانكێك، بەڵام بەهۆی زۆری ژمارەی مووچەخۆرانی خانەنشینەوە بەشێوەیەكی كاتی قەرەباڵغی لەدابەش كردنی مووچە لە چەند بانكێكی شاری هەولێر دروست بوو.</p>\r\n\r\n<p>ئه&zwnj;وه&zwnj;ش خراوه&zwnj;ته&zwnj;ڕوو، &quot;دوای ئەوەی لە لایەن بەڕێوبەرایەتی گشتی خانەنشین و بەڕێوبەرایەتی گشتی بانكە بازرگانیەكانەوە ژمارەی لیژنەكان زیاد كران و كێشەكە چارەسەر كرا.&quot;</p>\r\n', '2023-02-26 15:01:20', '2023-03-04 18:17:59', 1, 'روونكردنەوەیەك-لە-وەزارەتی-داراییەوە-سەبارەت-بە-مووچەی-خانەنشینان-لە-هەولێر', '7009fb372d49dae55c4669c506f53175.jpg', 2, 'zhiwar', NULL),
(29, 'رۆژئاوای كوردستان.. ئه‌و كه‌سانه‌ی به‌هۆی بوومه‌له‌رزه‌وه‌ گیانیان له‌ده‌ستداوه‌ و ئه‌ندامی یه‌ك خێزانن، پێكه‌وه‌ به‌خاك سپێردراون', 12, 22, '<p><strong>ئەو کەسانەی لە شاره&zwnj;دێی جندرێسی رۆژئاوای كوردستان بەهۆی بوومەلەرزەوە گیانیان لەدەستداوە و ئەندامی یەک خێزانن، لە یەک گۆڕدا پێکەوە بەخاک سپێردراون.</strong></p>\r\n\r\n<p>لە شارەدێی جندرێس سەربە عەفرینی رۆژئاوای كوردستان، بەهۆی بوومەلەرزەکانی بەرەبەیانی شەشی شوبات، سەدان کەس گیانیان لەدەستدا، ئەو کەسانەشی ئەندامی یەک خێزانن و بەهۆی بوومەلەرزەکەوە گیانیان لەدەستداوە، پێکەوە لە یەک گۆڕدا بە خاک سپێردراون.</p>\r\n', '2023-02-26 15:03:26', '2023-03-04 18:56:35', 1, 'رۆژئاوای-كوردستان..-ئه‌و-كه‌سانه‌ی-به‌هۆی-بوومه‌له‌رزه‌وه‌-گیانیان-له‌ده‌ستداوه‌-و-ئه‌ندامی-یه‌ك-خێزانن،-پێكه‌وه‌-به‌خاك-سپێردراون', 'e6f9003f9b1eeb58ba81521b5fa845db.png', 1, 'zhiwar', NULL),
(30, '28 خێزانی ئاواره‌ گه‌ڕانه‌وه‌ نه‌ینه‌وا', 12, 22, '<p>&nbsp;</p>\r\n\r\n<p><strong>وه&zwnj;زاره&zwnj;تی كۆچ و كۆچبه&zwnj;رانی عێراق رایگه&zwnj;یاند، 126 ئاواره&zwnj; له&zwnj;كه&zwnj;مپه&zwnj;كانه&zwnj;وه&zwnj; گه&zwnj;ڕانه&zwnj;وه&zwnj; زێدی خۆیان، له&zwnj; پارێزگاكانی ئه&zwnj;نبار، نه&zwnj;ینه&zwnj;وا و سه&zwnj;ڵاحه&zwnj;ددین.</strong></p>\r\n\r\n<p>ئه&zwnj;مڕۆ شه&zwnj;ممه &zwnj;( 18ی شوبات/فێبرێوه&zwnj;ری 2023)، &nbsp;ئیڤان فایه&zwnj;ق جابرو، وه&zwnj;زیری كۆچ و كۆچبه&zwnj;رانی عێراقی له &zwnj;راگه&zwnj;یه&zwnj;ندراوێكدا رایگه&zwnj;یاند، 126 ئاواره&zwnj; كه&zwnj; له&zwnj; 28 خێزان پێكهاتوون، له&zwnj;كه&zwnj;مپه&zwnj;كانی نه&zwnj;ینه&zwnj;وا، گه&zwnj;ڕانه&zwnj;وه&zwnj; زێدی خۆیان، كه&zwnj; نیشته&zwnj;جێی پارێزگای نه&zwnj;ینه&zwnj;وا، ئه&zwnj;نبار و سه&zwnj;ڵاحه&zwnj;ددین بوون.</p>\r\n\r\n<p>ئاماژه&zwnj;ی به&zwnj;وه&zwnj;شكرد، دوای ئه&zwnj;وه&zwnj;ی رێكاره&zwnj; ئه&zwnj;منییه&zwnj;كانی گه&zwnj;ڕانه&zwnj;وه&zwnj;ی ئه&zwnj;و هاووڵاتییانه&zwnj; ته&zwnj;واوكران،&nbsp; گه&zwnj;ڕانه&zwnj;وه&zwnj;ی ئاواره&zwnj;كان به&zwnj;هاوكاری هێزه&zwnj; ئه&zwnj;منییه&zwnj;كان و حكومه&zwnj;ت ئه&zwnj;نجامدرا.</p>\r\n', '2023-02-26 15:04:49', '2023-03-04 19:04:50', 1, '28-خێزانی-ئاواره‌-گه‌ڕانه‌وه‌-نه‌ینه‌وا', '72a8862ca2a661bad5df383b32a81f3e.png', 1, 'zhiwar', NULL),
(31, 'بە وێنە.. لە عێراق رێستۆرانتێک دەدۆزرێتەوە کە تەمەنی 5000 ساڵە ', 12, 27, '<p><strong>پسپۆڕانی بواری شوێنەوارناسی لە عێراق شوێنەواری رێستۆرانتێکی سەردەمی سۆمەرییەکان دەدزۆنەوە کە مێژووەکەی بۆ پێنج هەزار ساڵ پێش ئێستا دەگەڕێتەوە.</strong></p>\r\n\r\n<p>شوێنەوارەکە لەلایەن تیمێکی هاوبەشی ئیتاڵی و ئەمەریکی لە باکووری رۆژهەڵاتی پارێزگای زیقار دۆزراوەتەوە کە گەورەترین شوێنەوارەکانی رۆژهەڵاتی ناوەڕاست، دەکەوێتە ئەو پارێزگایە.</p>\r\n', '2023-02-26 18:43:21', '2023-03-01 05:26:10', 1, 'بە-وێنە..-لە-عێراق-رێستۆرانتێک-دەدۆزرێتەوە-کە-تەمەنی-5000-ساڵە-', '78a888dc486cc4006b19713944def777.jpg', 1, 'zhiwar', NULL),
(32, 'کتێبێک تایبەت بە مافەکانی خانەنشینان لەسەر ئەرکی وەزارەتی ناوخۆ چاپدەکرێت', 12, 22, '<p><strong>کتێبی (مافەکانی خانەنشینی فەرمانبەران) کە لەلایەن فەتحی مستەفا خدر، بەڕێوەبەری کارگێڕی و سەرچاوە مرۆییەکانی دیوانی وەزارەتی ناوخۆوە ئامادەکراوە، لەسەر ئەرکی وەزارەتی ناوخۆ چاپدەکرێت.</strong></p>\r\n\r\n<p>بەرایی کتێبەکە لەلایەن د. هێمن میرانی، بەڕێوەبەری گشتی دیوانی وەزارەتی ناوخۆوە نووسراوە.</p>\r\n\r\n<p>کتێبەکە لە دوو بەش پێکهاتووە و، بەشی یەکەمیان تایبەتە بە گشت بابەتەکانی خانەنشینی و مافەکانی فەرمانبەری خانەنشینکراو و چۆنیەتی ئەژمارکردنی خزمەتی خانەنشینی و ئەو خزمەتانەى کە بە خزمەتی خانەنشینی ئەژمار دەکرێن.</p>\r\n\r\n<p>هەر لە بەشی یەکەمدا، هاوکێشەکانی ئەژمارکردنی مووچەى خانەنشینی و پاداشتی خانەنشینی و چۆنییەتی دابەشکردنی مووچەى خانەنشینی کۆچکردوو بەسەر جێنشینەکانی، بەشێوەیەکی سادەی یاساییانە و ورد باس کراوە.</p>\r\n\r\n<p>بەشی دووەمیش بریتیە لەو یاسا بەرکارانەى تایبەتن بە بواری خانەنشینی بە هەردو زمانی کوردی و عەرەبی.</p>\r\n\r\n<p>مەبەست لە هەڵبژاردنی ئەم بابەتە بۆ زیاتر ئاشنابوونی فەرمانبەران بە زانیاری و شارەزایی زیاتر لەسەر پرۆسەی خانەنشین بوون و ئەو مافانەى کە دەیانگرێتەوە.</p>\r\n', '2023-02-26 19:46:20', NULL, 1, 'کتێبێک-تایبەت-بە-مافەکانی-خانەنشینان-لەسەر-ئەرکی-وەزارەتی-ناوخۆ-چاپدەکرێت', 'd1e78cba5ac439cbdf40f735834f34e6.jpg', NULL, 'zhiwar', NULL),
(33, 'ئومێد محەمەد: حکومەتی ماوەبەسەرچووی هەرێم لە بەغدا شەرعییەتی نەماوە', 12, 24, '<p style=\"text-align:right\">پ<span style=\"font-size:16px\">ەرلەمانتارێکی فڕاکسیۆنی نەوەی نوێ لە پەرلەمانی بەغدا رایگەیاند، لە کۆبوونەوەکانی دوای ٢٠١٤ـەوە شاندی هەرێم و بەغدا دەڵێن رێکدەکەوین بەڵام هیچکام لە شاندەکان خاوەن بڕیار نین و دەبێت عێراق و هەرێم لە ئاستی باڵا کۆببنەوە. دەشڵێت، &quot;حکومەتی ماوەبەسەرچووی هەرێم لە بەغدا شەرعییەتی نەماوە&nbsp;</span></p>\r\n\r\n<p dir=\"RTL\">ئەوەشی خستەڕوو، عێراق خاوەنی دەستوورێکە کە کوردیش دەنگی پێداوە و پرسی دامەزراندنی کۆمپانیاییەکی نەوتی نیشتیمانی هەرێم نا دەستوورییە و ئەگەر هەرێم پابەندی داواکارییەکانی بەغدا ببێت و رێککەوتنە نەوتییەکانی بەشێوەیەکی شەفاف ئاشکرا بکات کێشەکانی نێوان هەرێم و بەغدا چارەسەر دەبێت.</p>\r\n\r\n<p dir=\"RTL\">باسی لەوەشکرد، حکومەتی ماوەبەسەرچووی هەرێم بەرپرسیاری یەکەمە لە رێکنەکەوتن لەگەڵ بەغدا چونکە هەرێم ئامادە نییە رێککەوتنە نەوتییەکانی روون بکاتەوە و ئەوەش وا لە حکومەتی عێراق دەکات بەهانەی هەبێت ۆ جێبەجێنەکردنی بەڵێنەکانی بەرامبەر هەرێم.</p>\r\n\r\n<p dir=\"RTL\">لەبارەی یاسای هەڵبژاردنی ئەنجومەنی پارێزگاکانەوە&nbsp;ئومێد محەمەد پەرلەمانتاری فڕاکسیۆنی نەوەی نوێ لە پەرلەمانی بەغدا ئەوەی خستەڕوو، ناکۆکی زۆر لەسەر ناوەڕۆکی یاسای هەڵبژاردنی ئەنجومەنی پارێزگاکان هەیە و ئەمڕۆ لە دانیشتنی پەرلەماندا، نەوەی نوێ لەبەرهاوپەیمانەکانی بایکۆتی دانیشتنەکەی کرد.</p>\r\n', '2023-02-27 16:23:10', '2023-03-05 06:41:32', 1, 'ئومێد-محەمەد:-حکومەتی-ماوەبەسەرچووی-هەرێم-لە-بەغدا-شەرعییەتی-نەماوە', 'ca538c343179bf0fbdfab6cd10469afd.jpg', 2, 'zhiwar', NULL),
(34, 'فرۆشی دۆلاری بانکی ناوەندی عێراق ٣٥٪ کەمی کردووە', 12, 19, '<p style=\"text-align:right\">ل<span style=\"font-size:22px\">ە خستنەڕووی ئەمڕۆیدا قەبارەی فرۆشی بانکی ناوەندی لەدۆلار بەرێژەی ٣٥٪ کەمی کردووە و ١٠٤ ملیۆن دیناری خستووەتە بازاڕەوە.</span></p>\r\n\r\n<p dir=\"RTL\">بانکی ناوەندی هەر دۆلارێکی بە هەزار و ٣٠٥ دینار فرۆشتووە بۆ دابینکردنی قەواڵەکان و بە بەهای هەزار و ٣١٠ دینار بۆ کارتە ئەلیکترۆنییەکان و حەواڵەی دەرەکی و نەختینەیی.</p>\r\n\r\n<p dir=\"RTL\">زۆرینەی بڕی فرۆشی دۆلار بەمەبەستی چەسپاندن و پشتگیری دەرەکی رۆشتووە کە دەگاتە ٥٨ ملیۆن و ٥١٦ هەزارو ٢٥٠ دۆلار و لەسەر شێوەی حەواڵە نێردراوە.</p>\r\n\r\n<p dir=\"RTL\">هاوکات، ژمارەی ئەو بانکانەی کە دۆلاری کاشیان کڕیوە گەیشتووەتە ١٣ بانک و ژمارەی ئەو بانکانەی کە وەڵامی داواکارییەکانی پاڵپشتی دەرەکییان داوەتەوە لە دەرەوەی وڵات گەیشتووەتە ١٨ بانک، هەروەها کۆی گشتی کۆمپانیاکانی ئاڵوگۆڕ و نێوەندگیری کە بەشداری زیادکردنەکەیانکردووە ١٦٧ کۆمپانیا بووە.</p>\r\n', '2023-02-27 16:26:06', NULL, 1, 'فرۆشی-دۆلاری-بانکی-ناوەندی-عێراق-٣٥٪-کەمی-کردووە', '15bb19474122d99f6a436d5a312e18b5.jpg', NULL, 'zhiwar', NULL),
(35, 'بانکی ناوەندی وادەی دەستپێکردنەوەی فرۆشتنی دۆلاری لە هەرێم ئاشکرا کرد', 12, 19, '<p style=\"text-align:right\"><span style=\"font-size:20px\"><strong>بانکی بازرگانی لە هەرێم ناسراو بە RT Bank ئەوەی خستەڕوو، ئاگاداری گه&zwnj;شتیاران دەکەن پرۆسه&zwnj;ی ئاڵوگۆڕی دراو له&zwnj; نووسینگەكانیاندا لەناو بەشێک لە فڕۆكه&zwnj;خانه&zwnj;کاندا به&zwnj;شێوه&zwnj;یه&zwnj;كی كاتی راده&zwnj;گیرێت. بانکی ناوەندیش دەڵێت، &quot;لە دوو رۆژی داهاتوو یان سەرەتای هەفتەی داهاتوو دەست دەکەنەوە بە فرۆشتنی دۆلار لە هەرێم.&quot;</strong></span></p>\r\n\r\n<p style=\"text-align:right\">چاوگێک لە بانکی ناوەندی عێراق بە ئێن ئاڕ تی راگەیاند، هەفتانە پێنج بۆ ١٠ ملیۆن دۆلار دەدریتە بانکی بازرگانی هەرێم بەڵام خواست لەسەر دۆلار لە هەرێم شەش هێندەی ئاستی پێویستە. دەشڵێت، &quot;بەشی هەفتەیەک دۆلار لە هەرێم لە ماوەی سێ رۆژدا فرۆشراوە.&quot;</p>\r\n\r\n<p dir=\"RTL\">لەوبارەیەشەوە، نەرمین مەعروف ئەندامی پەرلەمانی عێراق لە لێدوانێکدا بۆ ئێن ئاڕتی ئەوەی خستەڕوو، گەر بانکەکە بەڵگەی یاسای لەسەر راگرتنی ئاڵوگۆڕی دراو نەخاتەڕوو، ئەوا رووبەڕووی سزای یاسایی دەبێتەوە، چونکە ئەو بڕیارە کاریگەری نەرێنی دەبێت لەسەر بەهای دینار.</p>\r\n\r\n<p dir=\"RTL\">باسی لەوەشکرد، لە سلێمانی تەنها یەک لقی&nbsp;RT Bank&nbsp;هەیە و لۆدێکی زۆری لەسەر و ئەگەر ژمارەی لقەکان زۆرتر بوایە لۆدی سەر بانکەکە کەمتر دەبووەوە، وتیشی، &quot;ئەوپشکەی دانراوە بۆ لقی&nbsp;RT Bank&nbsp;لە سلێمانی تەنها بەشی ئەو ئاڵوگۆڕانە دەکات کە لەنێو لقەکەدا دەکرێت.&quot;</p>\r\n\r\n<p dir=\"RTL\">هاوکات فازڵ نەبی بریکاری پێشووی وەزارەتی دارایی و ئابوری حکومەتی عێراق بە ئێن ئاڕ تی راگەیاندبوو، بڕیارەکە لە بانکەکانی هەرێمەوە دەرچووە و هیچ پەیوەندی بە بانکی ناوەندی عێراقەوە نییە.</p>\r\n\r\n<p dir=\"RTL\">وتیشی، چەندین کەس سەرقاڵی سپیکردنەوەی پارەبوون، بەرێگای جیاواز هەوڵیانداوە سوود لەم میکانیزمە وەربگرن لەکاتی وەرگرتنی پارە دەستیان کردووە بە سپیکردنەوەی و بە وتەی ئەو بەرپرسە بازرگانانی سپیکردنەوەی پارە تەنانەت شۆفێری تاکسییان بردووە و بەناوی گەشتیارەوە دۆلاریان وەرگرتووە.</p>\r\n', '2023-02-27 16:29:43', NULL, 1, 'بانکی-ناوەندی-وادەی-دەستپێکردنەوەی-فرۆشتنی-دۆلاری-لە-هەرێم-ئاشکرا-کرد', '83bf3b7b72dd9cedf3153ad15a84fa45.jpg', NULL, 'zhiwar', NULL),
(36, 'نیشانەکانی نەخۆشی دەردەشا چین و چۆن رێگرییان لێدەکرێت؟', 12, 26, '<p style=\"text-align:right\">ن<span style=\"font-size:20px\">ەخۆشی دەردەشا &quot;داء الملوک&quot; بە نەخۆشی دەوڵەمەندەکان ناسراوە و .زۆرجار پەیوەندی بە خواردنی قورسەوە هەیە کە گۆشتە.</span></p>\r\n\r\n<p style=\"text-align:right\">نەخۆشی دەردەشا جۆرێکە لەهەوکردنی جومگەکان کە بەهۆی دروستبوونی کریستاڵەکانی سۆدیۆم لە دەوروبەر و ناو جومگەکاندا دروست دەبێت و دەبێتەهۆی ئازاری توند و لەناکاو لەتووشبووەکەدا.</p>\r\n\r\n<p dir=\"RTL\">ئەم نەخۆشییە لەسەردەمی ڤیکتۆریادا زۆربووە کاتێک دەوڵەمەندەکان لەسەر خواردنی گۆشتی سوور و خواردنە دەریاییەکان راهاتبوون.</p>\r\n\r\n<p dir=\"RTL\">بەگوێرەی توێژینەوەکان لە هەر ١٠٠ کەسێک لە بەریتانیا یەک بۆ دوو کەس هەڵگری نەخۆشییەکەن و بەدەستییەوە دەناڵێنن.</p>\r\n\r\n<p dir=\"RTL\">هەر بەگوێرەی توێژینەوەکان،حاڵەتەکە لە پیاوانی سەرو تەمەن ٣٠ ساڵدا دەبینرێت لەگەڵ ئەو ژنانەی کۆتایی بە سووڕی مانگانەیان هاتووە.</p>\r\n\r\n<p dir=\"RTL\">نیشانەکانی نەخۆشیدەردەشا بریتین لە ئازاری تووند و کتوپڕ یاخود لەناکاو لە جومگەکاندا لەگەڵ سووربوونەوەی پێست و ئاوسان و گەرمی جومگەکان و هەبوونی لەرز و تا لەتوشبووکاندا.</p>\r\n\r\n<p dir=\"RTL\">سەبارەت بە ئەو هۆکارانەی مەترسی تووشبوون بەنەخۆشییەکە زیاددەکەن بریتین لە قەڵەوی و پیری و بەساڵاچوون یان هەڵکشانی تەمەن و ئەوخواردنەوانەی بڕێکی زۆر سۆدە لەدروستکردنیاندا بەکارهاتووە لەگەڵ ئەو چارەسەرانەی بە بۆری میزدا تێدەپەڕن و هەندێک چارەسەری دژە زیندەیی کەبۆنەخۆشی&quot;سیل&quot; دەنوسرێن.</p>\r\n\r\n<p dir=\"RTL\">هاوکات، شێوازی چارەسەرکردنی نەخۆشییەکە گرێدراوە بە بەکارهێنانی چارەسەری دژەهەوکردنی نا ستیرۆیدی وەک ئیبۆبرۆفین چارەسەردەکرێت، بەڵام ئەگەر ئازارەکە بەردەوام بوو رەنگە چارەسەری سیرۆیدی وەک چارەسەر لەشێوەی حەب یان دەرزی بۆبنوسرێت.</p>\r\n\r\n<p dir=\"RTL\">گۆڕانکاری لەشێوازی ژیاندا ئەگەری هەیە بتوانێت رێگری بکات لە گەڕانەوەی نەخۆشییەکە لەوانەش: خواردنی خۆراکی هاوسەنگ و تەندروست و خواردنەوەی بڕێکی زۆر لە شلەمەنییەکان و ئەنجامدانی وەرزش بەگوێرەی بەرنامە و دوورکەوتنەوە لە فشارخستنەسەر جومگەکان و دوورکەوتنەوە لە جگەرەکێشان و راوێژکردن بە پزیشکی پسپۆڕ بۆ وەرگرتنی ڤیتامین سی.</p>\r\n', '2023-02-27 16:32:57', '2023-03-05 13:15:43', 1, 'نیشانەکانی-نەخۆشی-دەردەشا-چین-و-چۆن-رێگرییان-لێدەکرێت؟', 'dd039f81a32d7ac2d9a23627bf53bb3f.jpg', 2, 'zhiwar', NULL),
(37, 'دۆزینەوەی ئاژەڵێکی دەریایی کە لە دەیناسورەکان کۆنترە', 12, 21, '<p style=\"text-align:right\"><span style=\"font-size:20px\">م<strong>ۆزەخانەی ئۆنتاریۆ لە کەنەدا ئاژەڵێکی دەریایی کۆنی نمایشکردووە کە بەشێوەیەکی تایبەت پاراستوویەتی و تەمەنی ٤٥٠ ملیۆن ساڵە و لە باشوری ئۆنتاریۆ لە کەنەدا دۆزراوەتەوە.</strong></span></p>\r\n\r\n<p style=\"text-align:right\">ماڵپەڕی &quot;THE STAR&quot; بڵاویکردەوە، لەئەنجامی گەڕان و بنکۆڵکردندا ئاژەڵە دەریاییەکە دۆزراوەتەوە و تەمەنی نزیکەی نیو ملیار ساڵە و بەمەش تەمەنی لە دەیناسورەکان کۆنترە کە بۆ یەکەمجار ٢٤٠ ملیۆن ساڵ لەمەوبەر دەرکەوتوون.</p>\r\n\r\n<p dir=\"RTL\">گۆڤاری زانستی تایبەت بە ئارکۆلۆجیا &quot;بنکۆڵکاری&quot; ئاشکرای کردووە، ئاژەڵە دەریاییەکە لە ٢٤ی ئاداری ئەمساڵدا دۆزراوەتەوە.</p>\r\n\r\n<p dir=\"RTL\">توێژەران ئاژەڵە نوێیە دۆزراوەکەیان ناو ناوە &quot;Tomlinsonus dimitrii&quot; کە بەشێکە لە کۆمەڵەی پێ جومگەدارەکان و بەشێوەیەکی تایبەت پارێزراوە کە تەنه بەشە رەقەکانی جەستەی بە بەرد بوون.</p>\r\n\r\n<p dir=\"RTL\">جۆزێف مویسیۆک ئامادەکاری سەرەکی توێژینەوەکە و سەرۆکی تیمی توێژینەوە و بایلۆجیست لە زانکۆی تۆرینتۆ لە کەنەدا ئاماژەی بەوەدا، &quot;چاوەڕێی دۆزینەوەیەکی لەم جۆرە نەبووین، کاتێک بیر لە چاڵەکان دەکەیتەوە، هەمیشە بیرمان بەلای دەیناسورەکان و گوێچکە ماسی و ئێسکە گەورەکانەوە دەچێت&quot;.</p>\r\n\r\n<p dir=\"RTL\">ئاژەڵەکە درێژییکەی شەش سانتیمەترە و سەری بە زرێپۆشێک داپۆشراوە و دوو شاخی چەماوەی هەیە و بەچەند تاڵێک داپۆشراوە کە لە پەڕ دەچێت.</p>\r\n', '2023-02-27 16:35:09', '2023-03-06 17:12:36', 1, 'دۆزینەوەی-ئاژەڵێکی-دەریایی-کە-لە-دەیناسورەکان-کۆنترە', 'db27401d571947328c40c196de5ade83.jpg', 10, 'zhiwar', NULL),
(38, 'سێ نیشانە بۆ ئەوەی کێبڵی ئایفۆنەکەت دەکرێت کوشندە بێت', 12, 21, '<p style=\"text-align:right\"><span style=\"font-size:20px\">ی<strong>ەکێک لە پسپۆڕانی بواری سەلامەتی تەکنەلۆجی هۆشیاری دەدات، ئەو کێبڵی شەحنکردنەوانەی بە نرخێکی هەرزان دەفرۆشرێن مەترسی ئاگرگرتن یان دروتکردنی شۆرتی کارەبایان هەیە.</strong></span></p>\r\n\r\n<p style=\"text-align:right\">گ<span style=\"font-size:16px\">رەیسی کابانا یەکێک لە پسپۆڕانی بواری سەلامەتی تەکنەلۆجی بە رۆژنامەی زە سەنی راگەیاندووە، هەرچەندە شێوەی ئەو کێبڵی شەحکردنەوانەی بە نرخێکی هەرزان دەفرۆشرێن زۆر لە کێبڵە راستییەکانی کۆمپانیان ئەپڵ دەچێت بەڵام ئەو کێبڵانە بە شێوەیەکی نا تەندروست و لە ماددەی هەرزان دروست دەکرێن.</span></p>\r\n\r\n<p dir=\"RTL\"><span style=\"font-size:16px\">ئاماژەی بەوەشداوە ئەو كێبڵانە مەترسی ئەوەیان هەیە گڕبگرن یانیش شۆرت لە سیستمی کارەبات ماڵدا دروستبکەن.</span></p>\r\n\r\n<p dir=\"RTL\">&nbsp;</p>\r\n\r\n<p dir=\"RTL\"><span style=\"font-size:16px\">گرەیسی کابانا باسی لە سێ نیشانە کردووە بۆ پشکنینی سەلامەتی کێبڵی ئایفۆنەکەت:</span></p>\r\n\r\n<p dir=\"RTL\"><span style=\"font-size:16px\">١&nbsp;پاکەت و شێوەی کێبڵەکە</span></p>\r\n\r\n<p dir=\"RTL\"><span style=\"font-size:16px\">کابانا باس لەوە دەکات ئەگەر کێبڵێکی شەحنت لە شوێنێکی ئاسایی کڕێ دڵنیابە لە سێرکردنی پاکەتەکەی و بە دوای لۆگۆی ئەپڵ بگڕی ئەگەر لەسەری نەبوو مەیکڕە چونکە ئەو شەحنە لە لایەن کۆمپانیای ئەپڵەوە باوەڕپێکراونیە.</span></p>\r\n\r\n<p dir=\"RTL\"><span style=\"font-size:16px\">٢&nbsp;دادانی کەلەی شەحنەکەت بپشکنە</span></p>\r\n\r\n<p dir=\"RTL\"><span style=\"font-size:16px\">شارەزاکەی بواری سەلامەتی تەکنەلۆجی ئاماژەی بەوشداوە، ئەو کێبڵانەی ئاستیان نزمە و دەبنە هۆی مەترسی شێوەی دادنی کەلەی شەحنەکەیان جیاوازە بۆیە باشتر وایە بەراورد بە نێوان کەلەی کێبڵی ئایفۆنەکەت و کەلەی کێبڵە نوێیەکەت بکەیت و ئەگەر جیاوازیەکی زۆریان هەبوو دوربکەویتەوە لە کڕینی.</span></p>\r\n\r\n<p dir=\"RTL\"><span style=\"font-size:16px\">٣&nbsp;کێش و شێوە</span></p>\r\n\r\n<p dir=\"RTL\"><span style=\"font-size:16px\">گرەیسی کابانا ئەوەشی خستوەەڕوو کێبڵە ساختە و باوەڕپێنەکراوەکان کێشیان زۆر کەمتر و شێوەیان نەگونجاوترن بە بەراورد بە کێبڵی فەرمی ئایفۆن.</span></p>\r\n', '2023-02-27 16:37:01', '2023-03-06 17:10:16', 1, 'سێ-نیشانە-بۆ-ئەوەی-کێبڵی-ئایفۆنەکەت-دەکرێت-کوشندە-بێت', '1569fc5e76277513afbcab8fb45b551d.jpg', 29, 'zhiwar', NULL),
(39, 'وێنە.. بە بزوێنەرێکی سەرسوڕهێنەرەوە؛ کۆمپانیایەک رکابەری تێسلا دەکات', 12, 21, '<p style=\"text-align:right\"><span style=\"font-size:20px\">ک<strong>ۆمپانیایەکی دروستکردنی ئۆتۆمبێلی کارەبایی بەناوی فریسکۆ یەکەمین ئۆتۆمبێلی خۆی نمایشکرد کە ئامادەیە بۆ ئەوەی بیخاتە بازاڕەوە و بزوێنەرێکی سەرسوڕهێنەری لەسەرە.</strong></span></p>\r\n\r\n<p style=\"text-align:right\"><span style=\"font-size:16px\">فریسکۆی نەرویجی یەکێکە لە مارکە دیارەکانی جیهان لە پیشەسازی ئۆتۆمبێلی کارەباییدا و یەکەم جار لە ساڵی ٢٠١٩دا یەکەم دیزاینی بۆ ئۆتۆمبێلێک بەمەبستی تاقیکردنەوە بڵاوکردەوە بەناوی</span></p>\r\n\r\n<p style=\"text-align:right\"><span style=\"font-size:16px\">Fresco Reverie.</span></p>\r\n\r\n<p dir=\"RTL\"><span style=\"font-size:16px\">پێگەی هەواڵی ئوتومبێلی کارەبایی ئینساید ئای باسی لەوەکردووە، ڤیدیۆی فەرمی یەکەم مۆدێلی بەرهەمهێنانی فرێسکۆ ئێکس ئێڵ، وەک رکابەرێکی سەرسەختی تێسلکا تەماشا دەکرێت.</span></p>\r\n\r\n<p dir=\"RTL\"><span style=\"font-size:16px\">مۆدێلە نوێیەکە جێگەی ٨ سەرنشینی تێدا دەبێتەوە و براندەکە کڕینی پێشوەختەی پێشکەش بە کڕیاران کردەوە بۆ ئۆتۆمبێلەکە بە پێشەکی هەزار یۆرۆ و نرخی فریسکۆ ئێکس ئێڵیشی راگەیاند کە ١٠٠ هەزار یۆریە و هاوتایە لەگەڵ ١١٢ هەزار و ٨٦٠ دۆلار.</span></p>\r\n\r\n<p dir=\"RTL\"><span style=\"font-size:16px\">فریسکۆ ئێکس ئێڵ بە بزوێنەرێکی کارەبایی نایابەوە توانای گەشتێکی هەزار کیلۆمەتری هەیەبەبێ بارگاویکردەنەوە.</span></p>\r\n\r\n<p dir=\"RTL\"><span style=\"font-size:16px\">ئەمەش لە کاتێکدایە، نرخی پشکەکانی ئۆتۆمبێلی کارەبایی تێسلای ئەمریکی لە ماوەی ئەم دواییەدا بە شێوەیەکی بەرچاو بەرزبووەتەوە و وا بڕوادەکرێت خواستەکان لەسەر ئۆتۆمبێلی کارەبایی زیاتر ببن لە چەند ساڵی داهاتودا.</span></p>\r\n\r\n<p style=\"text-align:right\">&nbsp;</p>\r\n\r\n<p style=\"text-align:right\">&nbsp;</p>\r\n\r\n<p style=\"text-align:right\">&nbsp;</p>\r\n', '2023-02-27 16:59:56', '2023-03-05 13:15:22', 1, 'وێنە..-بە-بزوێنەرێکی-سەرسوڕهێنەرەوە؛-کۆمپانیایەک-رکابەری-تێسلا-دەکات', '0fc97bc82a4a24d261f4ab97983f4c4a.jpg', 48, 'zhiwar', NULL),
(40, 'زانیاری دزەپێکراو لەبارەی ئایفۆن ١٣ـەوە', 12, 21, '<p style=\"text-align:right\"><span style=\"font-size:20px\">ه<strong>ەندێك لە راپۆرتەکان زانیاری شۆککەریان بڵاوکردووەتەوە لەبارەی مۆبایلی &quot;ئایفۆن ١٣&quot;ی نوێوە، کە وابڕیارە لە چەند رۆژی داهاتوودا نمایشبکرێت.</strong></span></p>\r\n\r\n<p style=\"text-align:right\"><span style=\"font-size:16px\">بەگوێرەی هەواڵێکی ئاژانسی سپۆتنیك ئاشكراکراوە، واچاوەڕوان دەکرێت ئایفۆن ١٣ گرانتربێت لە مۆدێلی پێشخۆی کە ئایفۆن ١٢یە، چونکە ئەپڵ هەوڵیداوە تێچووی ئەم مۆبایلە زیاتر بکات بەڕاددەی %٢٠ ئەمەش بۆ ئەو تەکنیکە بەرەوپێشچووانەی کە لە مۆبایلەکەدا زیاد کراون.</span></p>\r\n\r\n<p dir=\"RTL\"><span style=\"font-size:16px\">ئەمەش لە کاتێکدا کە بە وردی لە راپۆرتەکەدا نرخی ئایفۆن ١٣ دیاری نەکراوە بەڵام شیکەرەوەکانی تەکنەلۆژیا پێیان وایە کە نرخەکەی لە ٧٩٩ دۆلاری ئەمریکییەوە دەست پێدەکات، ئەمەش دوای ئەوەی ئایفۆن ١٢ گەورەترین قازانجی ساڵانەی بەدەستهێنا لە مێژووی ئەو کۆمپانیا ئەمریکییەدا.</span></p>\r\n\r\n<p dir=\"RTL\">&nbsp;</p>\r\n\r\n<p dir=\"RTL\"><span style=\"font-size:16px\">هەروەها کۆمپانیای ئەپڵ بە فەرمی رایگەیاندووە کە لە ١٤ی ئەیلولدا کۆمەڵەیەکی نوێ لە ئایفۆن ١٣ ئاشكرادەکات، ئەمەش لەکاتێکدایە کە کۆمپانیای ئەپڵ واڕاهاتووە کە لە مانگی ئەیلولدا نوێترین مۆبایلەکانی ئاشكرا بکات.</span></p>\r\n\r\n<p dir=\"RTL\"><span style=\"font-size:16px\">هەر لە هەفتەی رابردووشدا هەندێك لە راپۆرتە هەواڵییەکان ئاماژەیان بەوەداوە کۆمپانیای ئەپڵ بڕیاریداوە واز لە تایبەتمەندی جێپەنجە بهێنێت لە ئایفۆن ١٣دا، کە تایبەتمەندییەکە بۆ کردنەوەی قفڵی مۆبایلەکە.</span></p>\r\n\r\n<p dir=\"RTL\"><span style=\"font-size:16px\">ئەمەش بەو مەبەستەیە کە وردە وردە کۆمپانیاکە کۆتایی بە تایبەتمەندی جێپەنجە بهێنێت و لەمەودا تایبەتمەندی ناسینەوەی روخسار لە هەموو مۆبایلەکانیدا زیاد بکات.</span></p>\r\n', '2023-02-27 17:03:47', '2023-03-08 07:35:36', 1, 'زانیاری-دزەپێکراو-لەبارەی-ئایفۆن-١٣ـەوە', '2789b8fef48e45474c03230051ed892f.jpg', 20, 'zhiwar', NULL),
(41, 'ناوەرۆکی ئەو نامەیە ئاشکراکرا کە وەزیری دەرەوەی عێراق لە ئەمریکاوە گەیاندییە ئێران', 12, 24, '<p style=\"text-align:right\"><span style=\"font-size:20px\"><strong>وەزیری دەرەوەی ئێران ئاشکرای کرد، وەزیری دەرەوەی عێراق لە گەڕانەوەی گەشتەکەیدا لە وانشنتۆن نامەیەکی لە ئەمریکاوە لەبارەی دەستپێکردنەوەی گفتوگۆکانی سەبارەت بە رێککەوتنی ئەتۆمی گەیاندووەتە تاران. دەشڵێت، &quot;ئێران هەمیشە پێشوازی کردووە لە رێگای دبلۆماسی بۆ گەیشتن بە رێککەوتنی ئەتۆمی&quot;.</strong></span></p>\r\n\r\n<p style=\"text-align:right\"><span style=\"font-size:16px\">لە چاوپێکەوتنێکیدا لەگەڵ کەناڵی ئەلعالەمی وڵاتەکەی، ئەمیر عەبدوڵاهییان وەزیری دەرەوەی ئێران ئاشکرای کرد، فوئاد حسێن وەزیری دەرەوەی عێراق دوای گەڕانەوەی لە واشنتۆنەوە سەردانی ئێرانی کردووە و نامەیەکی ئەمرکییەکانی گەیاندووەتە بەرپرسانی باڵای وڵاتەکەی.</span></p>\r\n\r\n<p dir=\"RTL\"><span style=\"font-size:16px\">ئاماژەی بەوەشدا، ناوەرۆکی نامەکە بریتییە لەوەی کە بەرپرسانی باڵای ئەمریکا ئامادەن بۆ گەیشتن بە رێککەوتنی ئەتۆمی.</span></p>\r\n\r\n<p dir=\"RTL\">&nbsp;</p>\r\n\r\n<p dir=\"RTL\"><span style=\"font-size:16px\">دەشڵێت، &quot;ئێمەش پێشوازیمان لە نامەکە کردووە، چونکە هەمیشە پێشوازیمان لە رێڕەوی دبلۆماسی و دانوستان کردووە و هیچ کاتێک خۆمان لە دانوستان نەدزیوەتەوە&quot;.</span></p>\r\n\r\n<p dir=\"RTL\"><span style=\"font-size:16px\">وەزیری دەرەوەی ئێران باسی لەوەشکردووە، ئەوان ئامادەن لە چوارچێوەی دانوستاندا کار بکەن کە لە ڤیەننای پایتەختی نەمسا بەڕێوەچوو. تائێستاش نامەگۆڕینەوەی ناراستەوخۆیان لەگەڵ ئێراندا لە رێگەی نێوەندگیرەکانەوە بەردەوامە، بەتایبەتی لایەنی تەواوکردنی رێککەوتنامەی ئەتۆمی و گەڕانەوەی سەرجەم لایەنەکان بۆسەر مێزی گفتوگۆکردن.</span></p>\r\n\r\n<p dir=\"RTL\"><span style=\"font-size:16px\">ئەمە لەکاتێکدایە، دوای سەرهەڵدانی خۆپیشاندانەکانی ئێران دوای گیانلەدەستدانی ژینا ئەمینی و دروستبوونی گرژییەکان لە نێوان خۆپیشاندەران و هێزە ئەمنییەکان، ئیدارەی بایدن رایگەیاند، لە ئێستادا گفتوگۆکانی ڤیەننای تایبەت بە بوژاندنەوەی رێککەوتنامەی ئەتۆمی لەگەڵ ئێران لە کارە لەپێشینەکانی نییە.</span></p>\r\n', '2023-02-27 17:06:41', '2023-03-05 06:39:19', 1, 'ناوەرۆکی-ئەو-نامەیە-ئاشکراکرا-کە-وەزیری-دەرەوەی-عێراق-لە-ئەمریکاوە-گەیاندییە-ئێران', 'e513882de719b37c7ae99ead68bd265a.jpg', 2, 'zhiwar', NULL),
(42, 'پاش ساڵێک لە جەنگ؛ زیلینسکی ئەو نەخۆشییەی ئاشکرا کرد کە بەهۆی جەنگەوە توشی بووە', 12, 24, '<p style=\"text-align:right\"><span style=\"font-size:20px\">س<strong>ەرۆکی ئۆکرانیا پاش تێپەڕبوونی ساڵێک بەسەر جەنگی وڵاتەکەی لەگەڵ روسیا رایگەیاند، لە ماوەی ساڵێکی جەنگدا چاوەکانی بەجۆرێک لاواز بوون ناتوانێت بەباشی ببینێت و نووسراوەکانی بخوێنێتەوە.</strong></span></p>\r\n\r\n<p style=\"text-align:right\"><span style=\"font-size:16px\">ڤۆلۆدیمیر زیلینسکی سەرۆکی ئۆکرانیا لە فلیمێکی دێکۆمێناریدا بە ناوی &quot;ساڵێک&quot; باسی لە دۆخی تەندروستی و دەروونی خۆی و هەوڵدانی بۆ سەرخستنی وڵاتەکەی کردووە لە ماوەی ساڵێکی جەنگدا.</span></p>\r\n\r\n<p dir=\"RTL\"><span style=\"font-size:16px\">ئاماژەی بەوەشداوە، تاکە کێشەی تەندروستی کە لە ماوەی جەنگدا رووبەڕووی بووبێتەوە لاوازبوونی چاوەکانی بووە و لە ئێستادا بە هیچ جۆرێک ناتوانێت هیچ نووسراوێک لە دوورییەکی دیاریکراوەوە بخوێنێتەوە.</span></p>\r\n\r\n<p dir=\"RTL\"><span style=\"font-size:16px\">زیلینسکی ئەوەشی خستەڕوو، بەهۆی خراپی گڵۆپی نوسینگەکەیەوە چاوکانی لاواز بووە و دەشڵێت، لە ئێستادا هیچ هاوێنەیەکی چاو تایبەت بە لاوازی چاوی بەکار ناهێنێت تەنها لە کاتی پێویستیدا چاویلکە بەکار دەهێنێت.</span></p>\r\n', '2023-02-27 17:08:30', '2023-03-06 17:07:18', 1, 'پاش-ساڵێک-لە-جەنگ؛-زیلینسکی-ئەو-نەخۆشییەی-ئاشکرا-کرد-کە-بەهۆی-جەنگەوە-توشی-بووە', '83cfc823d59b7225e4dd629ababb64a4.jpg', 2, 'zhiwar', NULL),
(43, 'شارەزایانی تەندروستی: ئەم سێ شتە لەگەڵ خواردنەوەی گازی مەخۆن', 12, 26, '<p style=\"text-align:right\"><span style=\"font-size:20px\"><strong>شارەزایانی تەندروستی رێنمایی دەدەنە خەڵکی کە تا دەتوانرێت لە خواردنەوە گازییەکان دووربکەونەوە، چونکە زیانیان هەیە بۆ تەندروستی، جەختیشدەکەنەوە کە لەگەڵ سێ خواردن و خواردنەوە نەخورێتەوە چونکە زیانەکەی زیاتر دەبێت.</strong></span></p>\r\n\r\n<p style=\"text-align:right\"><span style=\"font-size:16px\">ناوەندی تەندروستی خۆپارێزی و کۆنترۆڵکردنی نەخۆشی ئەمریکی رایگەیاندووە، بەهۆی ئەوەی خواردنەوە گازییەکان رێژەیەکی بەرزی شەکریان تێدایە و ئەگەری تووشبوون بە قەڵەوی و نەخۆشییە پەیوەندیدارەکان زیاد دەکەن.</span></p>\r\n\r\n<p dir=\"RTL\"><span style=\"font-size:16px\">باس لەوەش دەکەن، ئەگەری ئەوە هەیە مەترسییەکە زیاتر بێت کاتێک ئەو خواردنەوانە بە هاوبەشی لەگەڵ خواردن و خواردنەوەکانی دیکە بخورێنەوە.</span></p>\r\n\r\n<p dir=\"RTL\"><span style=\"font-size:16px\">ناوەندی کۆنتڕۆڵکردن و خۆپاراستن لە نەخۆشیەکانی ئەمریکا، ئەوەشی خستووەتەڕوو، ئەو کەسانەی بەردەوام خواردنەوە گازییە شیرینەکان دەخۆنەوە، ئەگەری تووشبوونیان بە چەند نەخۆشییەکی درێژخایەن و مەترسیدار زیاتر دەبێت.</span></p>\r\n\r\n<p dir=\"RTL\"><span style=\"font-size:16px\">لیستی ئەو نەخۆشیانەی بەهۆی خواردنەوە گازییەکانەوە دروست دەبن، بریتین لە نەخۆشی شەکرەی جۆری دوو، خراپبوونی ددان، قەڵەوی و نەخۆشکەوتنی زراو.</span></p>\r\n\r\n<p dir=\"RTL\"><span style=\"font-size:16px\">هاوکات، مەترسییەکە زیاتر دەبێت کاتێک خواردنەوە گازییەکان بە هاوبەشی لەگەڵ سێ خواردن و خواردنەوەدا بخورێنەوە، بەم جۆرە:</span></p>\r\n\r\n<p dir=\"RTL\"><span style=\"font-size:16px\">شیر:</span></p>\r\n\r\n<p dir=\"RTL\"><span style=\"font-size:16px\">کاتێک کێکی شیرین دەخۆیت کە لە پێکهاتەکانی وەک شیر ئامادەکراوە و دواتر خواردنەوەیەکی گازی دەخۆیت، ئەوا بزانە شتێکی ناتەندروست ئەنجام دەدەیت.</span></p>\r\n\r\n<p dir=\"RTL\"><span style=\"font-size:16px\">شارەزایان دەڵێن تێکەڵکردنی شیر و خواردنەوە گازییەکان لە گەدەدا دەبێتە هۆی تێکچوونی ترشەڵۆک و لە ئەنجامدا کرداری هەرسکردنی خۆراک خاودەکاتەوە و سیستەمەی تێکدەدات.</span></p>\r\n\r\n<p dir=\"RTL\"><span style=\"font-size:16px\">قاوە:</span></p>\r\n\r\n<p dir=\"RTL\"><span style=\"font-size:16px\">راستە مرۆڤ لە یەک کاتدا دوو خواردنەوە ناخواتەوە، بەڵام لەوانەیە لەکاتی خواردندا خواردنەوەیەکی گازی بخۆیتەوە، پاشان دوای تەواوکردنی ژەمەکان قاوە بخۆیتەوە، ئەمەش هەڵەیە.</span></p>\r\n\r\n<p dir=\"RTL\"><span style=\"font-size:16px\">ئەو کەسەی قاوە و خواردنەوە گازییەکان دەخواتەوە بڕێکی زۆر لە کافاین وەردەگرێت، ئەمەش رەنگە ببێتە هۆی کەمخەوی و تێکچوونی خەو و ئەگەری هەیە بەهۆیەوە خەوی ناخۆش ببینێت.</span></p>\r\n\r\n<p dir=\"RTL\"><span style=\"font-size:16px\">خواردنە توونەکان:</span></p>\r\n\r\n<p dir=\"RTL\"><span style=\"font-size:16px\">باشترە خواردنەوە گازییەکان لەکاتی خواردنی توون و ئەو خۆراکانەدا نەخورێنەوە کە وا دەکەن کەسەکە هەست بە جۆرێک لە سووتانی زمانی بکات.</span></p>\r\n\r\n<p dir=\"RTL\"><span style=\"font-size:16px\">هەڵەیە هەوڵ بدرێت کاریگەری توونییەکە لەرێگەی خواردنەوە گازییەکانەوە نەهێڵرێت، چونکە خواردنەوە گازییەکە لە پلەیەکی گەرمی بەرزدان دەگۆڕێن بۆ ترشی سولفوریک.</span></p>\r\n\r\n<p dir=\"RTL\"><span style=\"font-size:16px\">شارەزایان ئامۆژگاری ئەوە دەکەن کە زیاتر ئاو بخۆنەوە بۆ ئەوەی کاریگەری کاپسایسین لە خۆراکە توونەکاندا کەم بکەنەوە، نەوەک پەنا بۆ خواردنەوەی گازی ببرێت.</span></p>\r\n\r\n<p>&nbsp;</p>\r\n', '2023-02-27 17:11:50', '2023-03-05 13:15:38', 1, 'شارەزایانی-تەندروستی:-ئەم-سێ-شتە-لەگەڵ-خواردنەوەی-گازی-مەخۆن', '9e2b69a46ef3add053889301b2e6b6d3jpeg', 3, 'zhiwar', NULL),
(44, 'فەرەنسا: دەبێت بەرامبەر ئەنجامدانی تاوانەکانی لە ئۆکرانیا، لێپێچینەوە لەگەڵدا روسیادا بکرێت', 12, 19, '<p style=\"text-align:right\"><strong><span style=\"font-size:20px\">و</span></strong><span style=\"font-size:22px\"><strong>ەزیری دەرەوەی فەرەنسا رایگەیاند، دەبێت لەسەر ئەنجامدانی تاوانەکانی لە ئۆکرانیا، لێپێچینەوە لەگەڵ روسیادا بکرێت.</strong></span></p>\r\n\r\n<p style=\"text-align:right\"><span style=\"font-size:16px\">کاترین کۆلۆن وەزیری دەرەوەی فەرەنسا لە چوارچێوەی پێشکەشکردنی وتارێک لەبەردەم ئەنجومەنی مافەکانی مرۆڤ لە نەتەوەیەکگرتووەکان داوایکرد، پێویستە لێپێچینەوە لەگەڵ روسیادا بکرێت بەرامبەر ئەو تاوانانەی لە ئۆکرانیا ئەنجامیداوە، چونکە ئاشتی بەرقەرار نابێت بەبێ چەسپاندنی دادپەروەریهاوکات، ئانالینا بیرۆبک وەزیری دەرەوەی ئەڵمانیا ئاشکرایکرد، روسیا ١٥ منداڵی ئۆکرانی لە ماڵەکانی خۆیاندا لە خێرسۆن رفاندووە.</span></p>\r\n\r\n<p dir=\"RTL\">&nbsp;</p>\r\n\r\n<p dir=\"RTL\"><span style=\"font-size:16px\">دەشڵێت، &quot;هەتا نەیانگێڕینەوە ئاسودەنابین&quot;.</span></p>\r\n\r\n<p dir=\"RTL\"><span style=\"font-size:16px\">وتیشی، رێگایەکی خێرا و ئاسان بەردەست نییە بۆ راگرتنی دەستبەجێی تاوانەکانی روسیا لە ئۆکرانیا. هێزەکانیشیان لە ئۆکرانیا بۆ پاراستنی هاوڵاتییانی مەدەنی سنوردارە.</span></p>\r\n\r\n<p dir=\"RTL\"><span style=\"font-size:16px\">ئەمە لەکاتێکدایە، کۆبوونەوەی ئەنجومەنی مافەکانی مرۆڤی سەربە رێکخراوی نەتەوەیەکگرتووەکان دەستی پێکردووە و تیایدا ئۆپراسیۆنە سەربازییەکانی روسیا لە ئۆکرانیا چەقی گفتوگۆکانە.</span></p>\r\n\r\n<p dir=\"RTL\"><span style=\"font-size:16px\">هاوکات، بەشێکی دیکەی گفتوگۆکانی ناو کۆبوونەوەی ئەنجومەنەکە دۆخی ئێران و ئەسیوبیا و سوریایە. ئەمەش یەکەم جارە ئەنجومەنی مافەکانی مرۆڤ زۆرترین کاتی پێویستبێت بۆ ئەنجامدانی کۆبوونەیەوەیەکی لەو جۆرە و تیایدا زیاتر لە ١٠ بەرپرسی وڵاتان کە لەنێویاندا وەزیری دەرەوەی فەرەنسا و ئەڵمانیا و ئەمریکا و چین و ئێران و ئۆکرانیا بەشداریدەکەن و وتار پێشکەش دەکەن.</span></p>\r\n', '2023-02-27 17:15:18', NULL, 1, 'فەرەنسا:-دەبێت-بەرامبەر-ئەنجامدانی-تاوانەکانی-لە-ئۆکرانیا،-لێپێچینەوە-لەگەڵدا-روسیادا-بکرێت', '002ff8c5ac3f922d7addf855a52cf2a5.jpg', NULL, 'zhiwar', NULL),
(45, 'وەزارەتی نەوتی عێراق داهاتی نەوتی فرۆشراوی مانگی کانوونی دووەمی بڵاوکردەوە', 12, 19, '<p style=\"text-align:right\"><span style=\"font-size:20px\">وەزارەتی نەوتی عێراق داهاتی نەوتی فرۆشراوی مانگی کانونی دووەمی ئەمساڵی بڵاوکردەوە و تیایدا هاتووە، داهاتی نەوت زیاتر بووە لە حەوت ملیار دۆلار.</span></p>\r\n\r\n<p style=\"text-align:right\">بە پێی راپۆرتی مانگانەی کۆمپانیایی فرۆشتنی نەوتی عێراق ناسراو بە (سۆمۆ)، لە مانگی کانونی دووەمی ئەمساڵدا عێراق بڕی ١٠١ ملیۆن و ٢٤٥ هەزار و ٩٥ بەرمیل نەوتی رۆژانە فرۆشتووە.</p>\r\n\r\n<p dir=\"RTL\">دەشڵێت، داهاتی ئەو نەوتەی فرۆشراوە بریتییە لە حەوت ملیار و ٦٦٣ ملیۆن و ٧٨٨ هەزار دۆلار.</p>\r\n\r\n<p dir=\"RTL\">راپۆرتەکەی کۆمپانیای سۆمۆ ئەوەشی خستووەتەڕوو، لە کێڵگە نەوتییەکانی ناوەڕاست و باشوری عێراق بڕی ٩٨ ملیۆن و ٤٦٠ هەزار بەرمیل نەوت دەرهێندراوە و دوو ملیۆن و ٤٧٥ هەزار و ٥١٦ بەرمیل نەوتیش لە کێڵگە نەوتییەکانی کەرکوک رەوانەی بەندەری جەیهان کراوە.</p>\r\n\r\n<p dir=\"RTL\">ئەوەشی ئاشکرا کردووە، نەوتەکە فرۆشراوە بە ٣٦ کۆمپانیای جیاوازی وڵاتان و هەر بەرمیلێک نەوت بە ٧٥ دۆلار و ٦٩٥ سەنت فرۆشراوە.</p>\r\n', '2023-02-27 17:17:35', '2023-03-04 19:08:16', 1, 'وەزارەتی-نەوتی-عێراق-داهاتی-نەوتی-فرۆشراوی-مانگی-کانوونی-دووەمی-بڵاوکردەوە', 'ea75d8acfb5b6252b5bd925461d8a3a5jpeg', 5, 'zhiwar', NULL),
(46, 'تمەن لە نزمیترین ئاستی دایە؛ دۆلار بەرامبەر دینار چی بەسەرهات؟', 12, 19, '<p style=\"text-align:right\"><span><strong>لەگەڵ کردنەوەی بازاڕەکانی دراو لە هەرێمی کوردستان لە بەیانی ئەمڕۆدا، نرخی ١٠٠ دۆلار بەرامبەر بە دینار بووەتە ١٥٢ هەزار و ٧٥٠ دینار.</strong></span></p>\n\n<p style=\"text-align:right\"><span>ئەمڕۆ یەکشەممە، لە بازاڕەکانی هەرێم نرخی تمەن جێگیرە بەراورد بە دوێنێ، بەڵام نرخەکەی بەشێوەیەکی بەرچاو نزمە کە پێنج ملیۆن و ٦٠٠ هەزار دینار بەرامبەر بە ١٠٠ دۆلارە.</span></p>\n\n<p dir=\"RTL\"><span>نرخی دۆلاری ئەمریکیش ماوەیەکە لە نێوان ١٥٢ هەزار دینار بۆ ١٥٤ هەزار دینار دایە، نرخەکەی لە ئێستادا بە ١٥٢ هەزار و ٧٥٠ دینارە و گۆڕانکاری بەرچاوی بەسەر نەهاتووە.</span></p>\n\n<p dir=\"RTL\"><span style=\"font-size:16px\">سەبارەت بە دابەزینی نرخی تمەن،&nbsp;وتەبێژی بازاڕی دۆلارەکەی سلێمانی بە دیجیتاڵ میدیای ئێن ئاڕ تی راگەیاند، یەکێک لە هۆکارەکانی دابەزینی نرخی تمەن توندکردنەوەی سنورەکانی عێراق و کەمکردنەوەی بەقاچاخبردنی دۆلارە بۆ ئێران.</span></p>\n\n<p dir=\"RTL\"><span style=\"font-size:16px\">سەبارەت بە دۆلاریش، بانکی ناوەندی عێراق ئاگاداری بانکەکان و کۆمپانیاکانی ئاڵوگۆڕکردنی دراوی کردووەتەوە کار بە پلاتفۆڕمی ئەلیکترۆنی بکەن و بڕیارەکە چووەتە بواری جێبەجێکردنەوە.</span></p>\n', '2023-02-27 17:26:12', '2023-03-01 07:18:04', 1, 'تمەن-لە-نزمیترین-ئاستی-دایە؛-دۆلار-بەرامبەر-دینار-چی-بەسەرهات؟', '3338881690d7a4fe7111acd3e73cd6d7.jpg', 2, 'zhiwar', NULL),
(47, 'وادەی دابەشکردنی دووەم بەشە ئاردی ئەمساڵ دیاریکرا', 12, 19, '<p style=\"text-align:right\"><span><strong>و<strong>ەزارەتی </strong>بازرگانی عێراق رایگەیاند، دووەم بەشە ئاردی ئەمساڵ ئامادەیە و سبەینێ رۆژی یەکشەممە لە رێگەی بریکارەکانەوە بەسەر هاوڵاتییاندا دابەش دەکرێت. دەشڵێت، &quot;پرۆسەی دابەشکردنەکە لە ناوچە هەژارنشینەکانەوە دەست پێدەکات&quot;</strong></span>.</p>\n\n<p style=\"text-align:right\">و<span>ەزارەتی بازرگانی عێراق راگەیەندراوێکی بڵاوکردەوە و تێیدا هاتووە، دووەم بەشە ئاردی ئەمساڵ ئامادەکراوە، سبەینێ یەکشەممە بەسەر هاوڵاتییاندا دابەش دەکرێت.</span></p>\n\n<p dir=\"RTL\"><span>ئاماژەی بەوەشداوە، کۆمپانیای گشتی دانەوێڵەی سەر بە وەزارەتی بازرگانی عێراق ناوەند و بەشەکانی سەر بەو کۆمپانیای راسپاردووە بۆ ئەوەی بریکارەکان لە ئامادەکردنی بەشە ئاردی هاوڵاتییان ئاگاداربکەنەوە.</span></p>\n\n<p dir=\"RTL\"><span>ئەوەشی خستووەتەڕوو، داوای لە بریکارەکانی خۆراکی سەرجەم پارێزگاکانی عێراق دەکەن پێداچوونەوە بە لیستی دابەشکردنی خۆراک بکەنەوە تاوەکو بەشە ئاردی ئەم جارە سەرەتا بەسەر ناوچە هەژارنشینەکاندا دابەشبکرێت.</span></p>\n\n<p dir=\"RTL\"><span>هاوکات، بە گوێرەی راگەیەنراوەکە، وەزارەتی بازرگانی عێراق داوا لە لیژنەکانی چاودێری کردووە پشکنینی تەواوی کوالێتی ئارد بکرێت و دڵنیاببنەوە لە مۆری ئاش و بەرواری بەرهەمهێنان و بەسەرچوونی ئاردەکە.</span></p>\n\n<p dir=\"RTL\"><span>ئەمەش لە دوای ئەوە دێت، مۆفەق حسێن پەرلەمانتاری فراکسیۆنی نەوەی نوێ لە پەرلەمانی عێراق وردەکاری دانیشتنی لیژنەی ئابووری و پیشەسازی و بازرگانی لەگەڵ وەزیری بازرگانی عێراق ئاشکراکرد و رایگەیاند کە بەڵێنی پێداون کوالێتی ئارد باشتر بکرێت لە چەند مانگی داهاتوودا.</span></p>\n', '2023-02-27 17:30:04', '2023-03-06 16:55:46', 1, 'وادەی-دابەشکردنی-دووەم-بەشە-ئاردی-ئەمساڵ-دیاریکرا', 'd16966dcff619f616ee27a67319bc9a3jpeg', 4, 'zhiwar', NULL),
(49, 'وەزارەتی بازرگانی عێراق: بە هەزاران تەن برنج و چەند خۆراكێكی دیكەی هاوڵاتیان گەیشتە وڵات', 12, 24, '<p style=\"text-align:right\"><span >ک<strong>ۆمپانیای گشتی بازرگانی خۆراکی سەر بە وەزارەتی بازرگانی عێراق رایگەیاند، زیاتر لە ٤٠ هەزار تەن برنجی تایلەندی و زیاتر لە یەک ملیۆن کیلۆ دۆشاوی تەماتە و زیاتر لە ٥٠٠ تەن شیر گەیشتووەتە عێراق. دەشڵێت، &quot;لەچەند رۆژی داهاتودا لەڕێگەی سەبەتەی خۆراکەوە دابەشدەکرێن&quot;.</strong></span></p>\n\n<p style=\"text-align:right\">لوما هاشم موسەوی بەڕێوەبەری گشتی کۆمپانیای بازرگانی خۆراک ئاماژەی بەوەدا، کەشتیەک گەیشتوەتە ناوچەی ئەدلا لە ئاوەکانی عێراق، کە برنجی تایلەندی هەڵگرتوە و بڕیارە سەرجەم ئەو برنجە لەچوارچێوەی سەبەتەی خۆراکی هاوڵاتییاندا دابەشبکرێت.</p>\n\n<p dir=\"RTL\">وتیشی، تیمێک لە پشکنەرانی تاقیگەیی نمونەیی، پشکنین بۆ برنجەکە دەکەن، دواتر نمونەکان رەوانەی تاقیگەی بەشی کۆنتڕۆڵی کوالێتی ناوەندی سەر بە کۆمپانیای گشتی بازرگانی خۆراک لە بەغدا دەکەن بۆ تەواوکردنی سەرجەم رێکارەکان تا بەتەواوی دەربکەوێت برنجەکە بۆ بەکارهێنان شیاوە.</p>\n\n<p dir=\"RTL\">&nbsp;</p>\n\n<p dir=\"RTL\">لوما هاشم موسەوی ئەوەشی خستەڕوو، لەئێستادا ٩٦ کۆنتێنەر دۆشاوی تەماتە کە بڕی ملیۆنێک و ٩٢٧ هەزار و ٧٧٦ کیلۆیە گەیشتووە وڵات.</p>\n\n<p dir=\"RTL\">دەشڵێت، کێشی یەک قوتو دۆشاوی تەماتە ٤٠٠ و ٨٠٠ گرامین، نمونەشی لێوەرگیراوە تا پشکنینی بۆ بکرێت و تیمەکان دڵنیا ببنەوە لەوەی بۆ بەکارهێنان شیاوە.</p>\n\n<p dir=\"RTL\">هاوکات، محەمەد حەنون وتەبێژی وەزارەتی بازرگانی عێراق باسی لەوەکرد، وەزارەتەکەیان ئامادەکاری دەکات بۆ دابەشکردنی سەبەتەی خۆراک بۆ مانگی رەمەزان لە بەغدا و سەرجەم پارێزگاکان بۆ پاڵپشتیکردنی خێزانە هەژارەکان.</p>\n\n<p dir=\"RTL\">وتیشی، لەئێستادا کۆگایەکی باشی خۆراکیان هەیە کە بەشی چوار سەبەتەی خۆراک بۆ هەر خێزانێکی هەژار دەکات.</p>\n\n<p dir=\"RTL\">محەمەد حەنون ئەوەشی ئاشکرا کرد، یەک ملیۆن تەن گەنمیش لە سەرچاوە نێودەوڵەتییەکانەوە دابیندەکەن.</p>\n\n<p dir=\"RTL\">ئەوەشی خستەڕوو، کەشتیەکی بارهەڵگر کە ٥٦١ تەن شیری بەکێشی ٢٥٠ گرام لەجۆری ئاڵتونسا گەیشتوەتە بەندەری ئوم قەسر.</p>\n\n<p dir=\"RTL\">دەشڵێت، بە گوێرەی ئەو پلانەی دانراوە ئەو شیرە لەچوارچێوەی سەبەتەی خۆراکدا بەسەر سەرجەم پارێزگاکان دابەشدەکرێت و سەرجەم ئەو کەسانەش دەگرێتەوە کە بەشدارن لەتۆڕی چاودێری کۆمەڵایەتی.</p>\n\n<p dir=\"RTL\">ئەمە لەکاتێکدایە، رۆژی ٢٣ی ٢ی ٢٠٢٣ وەزارەتی بازرگانی عێراق بڕیاریداوە بەش و نیوێک خۆراک لە مانگی رەمەزاندا دابەشبکات، کەهەرێمی کوردستانیش دەگرێتەوە.</p>\n\n<p dir=\"RTL\">هەروەها، لە رۆژی ٢٦ی ٢ی ٢٠٢٣ لوما هاشم موسەوی بەڕێوەبەری گشتی بازرگانی ماددە خۆراکییەکانی عێراق بەئاژانسی هەواڵی عێراقی راگەیاند، سەبەتەی خۆراکی هاوڵاتییان بۆمانگی رەمەزان ئامادەیە و پێنج رۆژ پێش هاتنی مانگی رەمەزان دەست بە دابەشکردنی دەکرێت.</p>\n', '2023-02-27 18:52:14', '2023-02-27 19:01:07', 1, 'وەزارەتی-بازرگانی-عێراق:-بە-هەزاران-تەن-برنج-و-چەند-خۆراكێكی-دیكەی-هاوڵاتیان-گەیشتە-وڵات', 'c04fe44164a849f38f3cf7ce998cb720.jpg', NULL, 'zhiwar', NULL),
(50, 'وەزیری بەرگری عێراق گەیشتە ئێران و لەگەڵ وەزیری بەرگری وڵاتەکە کۆبووەوە', 12, 24, '<p style=\"text-align:right\">و<strong>ەزیرى بەرگرى عێراق بە سەردانێک گەیشتە ئێران میدیاکانى ئێرانیش دەڵێن یەکێک ئەجێنداکانى سەردانەکە نەهێشتنى چالاکى گرووپە چەکدارییە کوردییەکانە لەسەر سنورى هەردوو وڵات.</strong></p>\n\n<p style=\"text-align:right\">سابت محەمەد، وەزیری بەرگری عێراق، بە سەردانێکی فەرمی گەشتە ئێران و لەگەڵ وەزیری بەرگری ئەو وڵاتەدا کۆبوەوە، هاوکات، وەزارەتی بەرگری رایگەیاند، مەبەستی سەردانەکە بۆ بەهێزکردنی پەیوەندییەکانی نێوان هەردوو وڵاتە، بەتایبەت لە بواری سەربازی و بەهێزکردنی دامەزراوە سەربازییەکان.</p>\n\n<p dir=\"RTL\">هاوکات، ئاژانسی فارس نیوز رایگەیاند، ئامانجێکی دیکەی سەردانەکە، نەهێشتنی چالاکی گروپە چەکدارییە کوردییەکانی سەر سنووری نێوان هەردوو وڵاتە.</p>\n\n<p dir=\"RTL\">ئەمەش لە کاتێکدایە، ساڵى رابردوو، چەندین جار هێزەکانی ئێران بۆردومانی بنکە و بارەگای هێزە چەکدارە کوردەکانی ئۆپۆزسیۆنى ئێرانیان لەناو هەرێمى کوردستان کرد و دەیان کەس شەهید و بریندار بوون.</p>\n', '2023-02-27 18:55:04', '2023-03-08 05:23:50', 1, 'وەزیری-بەرگری-عێراق-گەیشتە-ئێران-و-لەگەڵ-وەزیری-بەرگری-وڵاتەکە-کۆبووەوە', '11b855e434d887010792b05799a8c7bf.jpg', 6, 'zhiwar', NULL),
(51, 'زیندانییەک لە بەغدا پلەی یەکەمی لە کۆڵیژی تەکنەلۆژیای زانیاری بەدەستهێنا', 12, 22, '<p style=\"text-align:right\">زیندانییەکی پارێزگای بەغدا پلەی یەکەمی لە خوێندنی کۆلێژی تەکنەلۆژیای زانیاری بەدەستهێنا و لەلایەن وەزارەتی دادەوە خەڵات کرا. زیندانییەکە دەڵێت، &quot;بەردەوام دەبم و بۆ ماستەر دەخوێنم.&quot;</p>\r\n\r\n<p style=\"text-align:right\">وەزارەتی دادی عێراق رایگەیاند، یەکێک لە بەندکراوەکانی زیندانی کەرخی ناوەندی پلەی یەکەمی لە بەشی زانکۆی تەکنەلۆژیای پەیوەندی و زانیاری بەدەستهێناوە.</p>\r\n\r\n<p dir=\"RTL\">دەشڵێت، لەگەڵ وەزارەتی خوێندنی باڵا بڕیاریان داوە ناوەندی خوێندنی زانکۆ لەو زیندانە دابمەزرێنن.</p>\r\n\r\n<p dir=\"RTL\">&nbsp;</p>\r\n\r\n<p dir=\"RTL\">ئاماژەی بەوەشداوە، وەزارەتی دادی عێراق خەڵاتی زیندانییەکەی کردووە بەهۆی دەرچوونی لە خوێندنی زانکۆکەی و بەدەستهێنانی پلەی یەکەم لە نێو خوێندکارانی بەیانیان و ئێوارانی کۆلێژەکەی.</p>\r\n\r\n<p dir=\"RTL\">وەزارەتی داد ئەوەشی خستووەتەڕوو، هەردوو وەزارەتی خوێندنی باڵاو و دادی عێراق رێککەوتوون لەسەر پڕۆژەی خوێندنی زیندانییەکان بە دامەزراندنی ناوەندی خوێندنی زانکۆ لە زیندانی کەرخی ناوەندی.</p>\r\n\r\n<p dir=\"RTL\">زیندانیەکە ناوی &quot;عەقیل&quot;ە و لە زاری خۆیەوە باسی لەوەکرد، بەشداری کردووە لە سیستەمی زیندانی کەرخی ناوەندی تایبەت بە خوێندنی زانکۆ و لە ئێستادا خوێندکاری کۆلێژی تەکنەلۆژیای پەیوەندی و زانیارییە.</p>\r\n\r\n<p dir=\"RTL\">وتیشیی، &quot;بڕیارم داوە بەسەر ئەو دۆخانەیە سەربکەوم کە منی گەیاندووەتە زیندان و بۆیە پلەی یەکەمم لە کۆلێژەکەی خۆم بەدەستهێنا و لەلایەن وەزیری دادەوە خەڵات کرام و بەردەوام دەبم و بۆ ماستەر دەخوێنم.&quot;</p>\r\n', '2023-02-27 19:13:53', '2023-03-01 09:57:28', 1, 'زیندانییەک-لە-بەغدا-پلەی-یەکەمی-لە-کۆڵیژی-تەکنەلۆژیای-زانیاری-بەدەستهێنا', '74fd68fe221d707057c34dc177382a7ejpeg', 3, 'zhiwar', NULL);
INSERT INTO `tblposts` (`id`, `PostTitle`, `CategoryId`, `SubCategoryId`, `PostDetails`, `PostingDate`, `UpdationDate`, `Is_Active`, `PostUrl`, `PostImage`, `viewCounter`, `postedBy`, `lastUpdatedBy`) VALUES
(52, 'کۆمپانیایەکی دەرمان لە عێراقی وادەی دابەزینی نرخی دەرمانی دیاریکرد', 12, 19, '<p style=\"text-align:right\">بەڕێوەبەری گشتی کۆمپانیای دەرمانی سامەرا رایگەیاند، ماوەی یەک ساڵیان پێویستە بۆ ئەنجامدانی چاکسازییەکانی کەرتی پزیشکی تاوەکو بگەنە ئەو ئەنجامانەی دەبنە هۆی کەمکردنەوەی نرخی دەرمان لە ناوخۆی عێراق.</p>\r\n\r\n<p style=\"text-align:right\">عەبدولرەحمان عەباس بەڕێوەبەری گشتی کۆمپانیای دەرمانی سامەرا بە میدیا ناوخۆییەکانی راگەیاند، کەر پزیشکی حکومی و ئەنجامدانی وەبەرهێنان تێیدا باجی گومرگ و کەمکردنەوەی باجی گومرگ نایانگرێتەوە.</p>\r\n\r\n<p dir=\"RTL\">دەشڵێت، ئەمەش لە بەرژەوەندی کارگەکانی بەرهەمهێنانی دەرمان دەبێت و هەنگاوێکی ئەرێنییە لە قازانجی کارگە ئەهلییەکان بە مەرجێک وەبەرهێنانەکەی بەرژەوەندی هاوڵاتیانیشی تێدا بێت.</p>\r\n\r\n<p dir=\"RTL\">&nbsp;</p>\r\n\r\n<p dir=\"RTL\">عەبدولرەحمان عەباس ئاماژەی بەوەشدا، هاوردەکردنی هێڵی بەرهەمهێنانی نوێ و پیشەسازی دروستکردنەکەی پێویستی بە شەش مانگ دەبێت و لە دوای ئەوەش یەک ساڵی رێک پێویستە بۆ گەیشتن بەو ئەنجامانەی دەبنە هۆی کەمبوونەوەی نرخی دەرمان لە عێراق.</p>\r\n\r\n<p dir=\"RTL\">وتیشی، سەرۆکایەتی ئەنجومەنی وەزیرانی عێراق گرنگی بەم خاڵە سەرەکییانە دەدات و پێویستە ئەنجام بدرێن لە پێناو دابینکردنی خزمەتگوزاری بۆ هاوڵاتییان.</p>\r\n\r\n<p dir=\"RTL\">ئەوەشی خستەڕوو، کەمکردنەوەی گومرگ لەسەر بەرهەمەکانی کەرتی پزیشکی بە خاڵە گرنگەکانی تەواوکاری پەیوەست بە جێگیرکردنی پیشەسازی دەرمان لە ناوخۆی عێراقدا و پێویستە وەبەرهێنانی تێدا بکرێت.</p>\r\n\r\n<p dir=\"RTL\">ئەمە لەکاتێکدایە، لە هەرێم بەهۆکاری ئەوەی پشکی شێری هاوردەکردنی دەرمان بەر کۆمپانیا حزبییەکانی پارتی و یەکێتی دەکەوێت، حکومەتی ماوەبەرسەرچووی هەرێم هیچ هەنگاوێکی کردەیی نەگرتووەتەبەر بە ئامانجی هەرزانکردنی نرخی دەرمان، بەڵکو بەگوێرەی بەدواداچونێکی محمەد ئیسماعیل پەرلەمانتاری فراکسیۆنی نەوەی نوێ لە پەرلەمانی عێراق کە رۆژی ٢ی ٢ی ٢٠٢٣ بە دیجیتاڵ میدیای ئێن ئاڕ تی راگەیاند، وەزارەتی تەندروستی عێراق مانگانە دەرزی کێشەی گەشەکردنی مێشکی منداڵی رەوانەی هەرێم کردووە، بەڵام بەهۆکاری ئەوەی ئەو دەرزییە لە دەرمانخانەکانی دەرەوەی نەخۆشخانە گشتییەکان گرانترە ئەو دەرزییە لە نەخۆشخانە حکومەییەکان نەدراوە بەو منداڵانەی ئەم کێشەیەیان هەیە، هاوڵاتییان ناچاربوون لەدەرەوەی دەرزییەکە بەنرخێکی گرانتر دەستبخەن.</p>\r\n', '2023-02-27 19:16:14', '2023-03-05 13:19:54', 1, 'کۆمپانیایەکی-دەرمان-لە-عێراقی-وادەی-دابەزینی-نرخی-دەرمانی-دیاریکرد', '190ef77c60317e68717df7206dc628f0jpeg', 5, 'zhiwar', NULL),
(53, 'بانکی رافیدەین: دەستمانکرد بە فرۆشتنی دۆلار لە رێگەی پلاتفۆڕمی ئەلیکترۆنییەوە', 12, 19, '<p style=\"text-align:right\">بانکی رافیدەین رایگەیاند، دەستیکردووە بە فرۆشتنی دۆلار لە رێگەی پلاتفۆڕمی ئەلیکترۆنییەوە بە گەشتیاران لە فڕۆکەخانەی بەغدای نێودەڵەتی.</p>\r\n\r\n<p style=\"text-align:right\">نوسینگەی راگەیاندنی بانکی رافیدەینی عێراقی راگەیەنراوێکی بڵاوکردەوە و تیایدا هاتووە، دەستیانکردووە بە فرۆشتنی دۆلار بە گەشتیاران لە رێکەی پلاتفۆڕمی ئەلیکترۆنییەوە</p>\r\n\r\n<p dir=\"RTL\">دەشڵێت، بە گوێرەی رێنماییەکانی بانکی ناوەندی عێراق لە فڕۆکەخانەی بەغدای نێودەوڵەتی لە رێگەی پلاتفۆڕمی ئەلیکترۆنییەوە دۆلار بە گەشتیاران دەفرۆشن.</p>\r\n\r\n<p dir=\"RTL\">راگەیەنراوەکە ئەوەشی خستووەتەڕوو، پێویستە گەشتیاران تەواوی بەڵگە و پێداویستییەکانیان لەگەڵ خۆیاندا بهێنن کە لەلایەن بانکی نوەندییەوە داواکراون بەمەبەستی فرۆشتنی دۆلار لە رێگەی پلاتفۆڕمی ئەلیکترۆنییەوە.</p>\r\n\r\n<p dir=\"RTL\">ئەوەشی ئاشکراکردووە، ئەو بەڵگانەی پێویستە گەشتیار پێیبێت بریتین لە پێناسی باری شارستانی کەسی، یان کارتی نیشتیمانی و کارتی یەکەی نیشتەجێبوون، لەگەڵ پاسپۆرت و ڤیزا و تکتی سواربوونی فڕۆکە.</p>\r\n\r\n<p dir=\"RTL\">دەشڵێت، ئەم بەڵگانە پێویستە گەشتیار پێیبێت لەکاتی کڕینی دۆلار لە پلاتفڕۆمی بانکی رافیدەیندا.</p>\r\n\r\n<p dir=\"RTL\">ئەمە لەکاتێکدایە، لەماوەی رابردوودا بەهۆی گرتنەبەری چەند رێکارێک لەلایەن وەزارەتی گەنجینەی ئەمریکا و کردنەوەی پلاتفۆڕمێکی نوێ لەلایەن بانکی ناوەندی عێراقەوە بۆ رەوانەکردنی دۆلار بۆ دەرەوەی وڵات، نرخی ١٠٠ دۆلار بۆ زیاتر لە ١٧٥ هەزار دینار بەرزبووەوە. بەئامانجی سەقامگیرکردنی نرخی دۆلار بانکی ناوەندی عێراق چەند رێکارێکی گرتەبەر وەک فرۆشتنی دۆلار بە ١٣٠ هەزار دینار بە بانکەکان و فرۆشتنی ١٠٠ دۆلار بە ١٣٢ هەزار دینار لە فڕۆکەخان نێودەوڵەتییەکان. لە ئێستاشدا کردنەوەی پلاتفۆڕمی ئەلیتکرۆنی لەلایەن بانکی رافیدەینەوە بۆ فرۆشتنی دۆلار بەگەشتیاران، هەنگاوێکی دیکەیە لە بەسیستەمکردنی فرۆشتنی دۆلار لەناوخۆی عێراق بە ئامانجی رێگری کردن لە بە قاچاخبردنی دۆلار بۆ دەرەوەی وڵات و سەقامگیرکردنی بەهای دۆلار لە بازاڕە ناوخۆییەکاندا.</p>\r\n', '2023-02-27 19:19:08', '2023-03-06 17:08:48', 1, 'بانکی-رافیدەین:-دەستمانکرد-بە-فرۆشتنی-دۆلار-لە-رێگەی-پلاتفۆڕمی-ئەلیکترۆنییەوە', 'eef8c0fc6da506592fc37103abe11a66jpeg', 2, 'zhiwar', NULL),
(54, 'حکومەتی عێراق چەند بڕیارێکی لە بەرژەوەندی خانەنشینان دەرکرد', 12, 24, '<p style=\"text-align:right\">سەرۆک وەزیرانی عێراق پاکێجێکی لە چوارچێوەی چاودێری و پاڵپشتیکردنی خانەنشینان دەرکرد و تیایدا بڕیاریدا، ئەو خانەنشینانەی سودمەند نەبوون لە وەرگرتنی زەوی پارچەیەک زەویان پێبدرێت.</p>\r\n\r\n<p style=\"text-align:right\">ئاژانسی فەرمی هەواڵی عێراق بڵاویکردەوە، محەمەد شیاع سودانی سەرۆک وەزیرانی عێراق بڕیاریداوە، هەر کارمەندێک خانەنشین بکرێت لەگەڵ یەکەم موچەی خانەنشینیدا بڕی ٥٠٠ هەزار دیناری بە دیاری پێدەدرێت.</p>\r\n\r\n<p dir=\"RTL\">هاوکات، بەپێی بڕیارەکانی سەرۆک وەزیران ئەگەر خانەنشینێک هێڵی فڕۆکەوانی عێراق ساڵانە یەک جار بەکاربهێنێت ئەوا بڕی ٢٥٪ داشکانی بۆ دەکرێت و گرنگیان پێدەدرێت لە ناردنیان بۆ دەرەوەی وڵات بۆ چارەسەر.</p>\r\n\r\n<p dir=\"RTL\">&nbsp;</p>\r\n\r\n<p dir=\"RTL\">لە بڕیارەکانی سەرۆک وەزیراندا ئەوەشهاتووە، لە کاتی خانەنشینیدا ئەو پارەیەی مانگانە لە فەرمانبەر وەرگیراوە بۆ خانەنشینبوونی، بە کاش دەدرێتەوە بە خانەنشینەکە و شەش مانگ پێش مۆڵەتی خانەشینبوونی فەرمانبەر پێویستە مامەڵە پێویستەکانی بۆبکرێت تاوەکو رێکارەکانی خانەنشینکردنی دوانەکەوێت.</p>\r\n\r\n<p dir=\"RTL\">باس لەوەشکراوە، پێویستە مانگێک پێش خانەشینبوون پێناسەی خانەشینی بۆ خانەنشین ئامادە بکرێت و دوانەکەوێت.</p>\r\n\r\n<p dir=\"RTL\">ئەمە لەکاتێکدایە، دوای زیاتر لە ٣٠ ساڵ حکومڕانی پارتی و یەکێتی نەتوانراوە ژیانێکی شایستە بە فەرمانبەران و کارمەندان و خانەنشینان دابنیبکرێت. زیاتر لە نۆ ساڵیشە دابەشکردنی زەوی بەسەر کارمەندان و فەرمانبەران و خانەنشیناندا راگیراوە. جگە لەوەی تا ئێستا حکومەتی ماوەبەسەرچووی هەرێم نەیتوانیوە تەنانەت کێشەی دواکەوتنی دابەشکردنی موچە لە وادەی خۆیی و بە ئەلیکترۆنی کردنی دابەشکردنی موچە بەگشتی و خانەنشینان بەتایبەتی بەردەستبخات تا چیتر خانەنشینان بە وەرزی سەرما و گەرما لە بەرەبەیانێکی زووەوە نەچنە سەرەی وەرگرتنی موچەکانیان و هاوشێوەی رابردوو لە سەرەی وەرگرتنی موچەکانیان گیانیان لەدەست نەدەن. ئەوە جگە لەوەی هیچ بیمەیەکی تەندروستی بۆ فەرمانبەران و خانەنشینان نییە و هیچ نەخۆشێکیش رەوانەی دەرەوەی هەرێم بە مەبەستی چارەسەرکردن نەکراوە</p>\r\n', '2023-02-27 19:21:35', '2023-03-06 16:55:35', 1, 'حکومەتی-عێراق-چەند-بڕیارێکی-لە-بەرژەوەندی-خانەنشینان-دەرکرد', '9af987725dee8b657b754d9d59022c66jpeg', 8, 'zhiwar', NULL),
(55, 'کاروباری کۆمەڵایەتی عێراق: دوو ملیۆن و ٥٠٠ هەزار هاوڵاتی موچەی چاودێری کۆمەڵایەتیان بۆ دابیندەکرێت', 12, 24, '<p style=\"text-align:right\">وەزیری کاروباری کۆمەڵایەتی عێراق رایگەیاند، لە پلانیاندایە لە بودجەى ئەمساڵدا دوو ملیۆن و ٥٠٠ هەزار هاوڵاتی موچەی چاودێری کۆمەڵایەتی بیانگرێتەوە.</p>\r\n\r\n<p style=\"text-align:right\">ئەحمەد ئەسەدی وەزیری کاروباری کۆمەڵایەتی عێراق رایگەیاندووە لە ئێستا ملیۆنێک و ٧٠٠ هەزار کەس موچەی چاودێری کۆمەڵایەتی دەیانگرێتەوە و دەشڵێت، لە پلانیاندایە ئەو ڕێژەیە بەرزبکەنەوە بۆ دوو ملیۆن و ٥٠٠ هەزار کەس.</p>\r\n\r\n<p dir=\"RTL\">باسی لەوەشکردووە، تا ئێستا ٩٠٠ هەزار کەس کە ناوى خۆیان پێشکەش کردووە بۆ ئەو موچەی چاودێری کۆمەڵایەتییە دوورخراونەتەوە بەو پێیەی بڕیارەکە نەیگرتوونەتەوە و ئەوان ئامانجیانە هەژاری و بێ کاری نەهێڵن وەک ئەوەی لە بەرنامەی حکومیدا هاتووە.</p>\r\n\r\n<p dir=\"RTL\">ئەوەش لە کاتێکدایە، پێشووتر وەزارەتی پەروەردەی عێراق رایگەیاند، لە بودجەى ئەمساڵدا دەرماڵە بۆ خوێندکارانى کەمدەرامەت دابیندەکرێت بەرپرسێکی عێراقیش بە ئێن ئار تی ڕایگەیاند، ئەگەر هەرێم و عێراق بگەنە ڕێککەوتن ئەوا ئەو بڕیارە هەرێمی کوردستانیش دەگرێتەوە.</p>\r\n', '2023-02-27 19:26:02', '2023-03-07 16:45:51', 1, 'کاروباری-کۆمەڵایەتی-عێراق:-دوو-ملیۆن-و-٥٠٠-هەزار-هاوڵاتی-موچەی-چاودێری-کۆمەڵایەتیان-بۆ-دابیندەکرێت', '3338881690d7a4fe7111acd3e73cd6d7.jpg', 92, 'zhiwar', NULL),
(56, 'بارزانی بە دەست بەتاڵی لە بەغدا گەڕایەوە؛ هیچ رێککەوتنێک لەبارەی نەوتەوە نەکرا', 22, 28, '<p style=\"text-align:right\">سەرەڕای لێدوانە دیبلۆماسییەکانی بەرپرسە عێڕاقییەکان، سەردانەکەی سەرۆکوەزیرانی هەرێم بۆ بەغدا نەیتوانی هیچ گۆڕانکارییەک بهێنێت بەسەر تەنگەژەی دۆسیەی نەوت و غازدا.</p>\r\n\r\n<p>&nbsp;</p>\r\n\r\n<table cellspacing=\"0\" id=\"ContentPlaceHolder1_DataList1cc_DataList3dd_0\">\r\n	<tbody>\r\n		<tr>\r\n			<td>\r\n			<h3 style=\"text-align:right\">&nbsp;</h3>\r\n			</td>\r\n		</tr>\r\n	</tbody>\r\n</table>\r\n\r\n<p style=\"text-align:right\">بەپێی راپۆرتێکی ماڵپەڕی ئەلعەرەب کە رۆژنامەیەکی عەرەبییە و بارەگای سەرەکی لە لەندەنی پایتەختی بەریتانیایە، سەردانەکەی مەسرور بارزانی بۆ بەغدا ئەنجامی باشی نەبووە بە تایبەت لە دۆسیەی نەوت و غازدا بە هۆی سووربوونی هەردوولا لەسەر هەڵوێستەکانیان.</p>\r\n\r\n<h3 style=\"text-align:right\">&nbsp;</h3>\r\n\r\n<p dir=\"RTL\">سەرەتای ئەم هەفتەیە مەسرور بارزانی سەرۆکوەزیرانی حکومەتی هەرێمی کوردستان بە سەردانێک گەیشتە بەغدای پایتەختی عێراق و دووەم سەردانیەتی لە دوای سێ ساڵ لە دەستبەکاربوونی وەک سەرکوەزیرانی هەرێم.&nbsp;مەسرور بارزانی لەبارەی بەرنامەی کاری سەردانەکەی بۆ بەغدا رایگەیاند، بەرنامەیەکی کاری دەستوورییان هەیە بۆ چارەسەرکردنی ئەو کێشانەی کە ماوەی ١٧ ساڵە لە ئارادان، بەجۆرێک چارەسەرکردنەکە کە لە بەرژەوەندی هەرێم و عێراقدا بێت.</p>\r\n\r\n<p dir=\"RTL\">&nbsp;</p>\r\n\r\n<p dir=\"RTL\">بەڵام لە دوای سەردانەکەی هیچ لێدوانێکی لەبارەی ئەنجامی سەردانەکەی رانەگەیاند.</p>\r\n\r\n<p dir=\"RTL\">بارزانی لە سەردانەکەیدا چاوی بە مستەفا کازمی سەرۆکوەزیرانی عێڕاق و محەمەد حەلبوسی سەرۆکی پەرلەمانی عێراق کەوتووە و لە راگەیەندراوێکی نوسینگەی سەرۆکوەزیراندا هاتووە، هەردوولا رێککەوتوون لەسەر قوڵکردنەوە و بەردەوامی گفتوگۆکان لە نێوان وەزارەتی نەوت و وەزارەتی سامانە سروشتیەکانی هەرێم و بەغدا.</p>\r\n\r\n<p dir=\"RTL\">لای خۆشیەوە سەرۆکی پەرلەمانی عێراق دوای کۆبوونەوە لەگەڵ سەرۆکوەزیرانی هەرێم رایگەیاند، هێشتا کاتێکی گونجاوە بۆ چارەسەی سەرجەم ناکۆکییەکان.</p>\r\n\r\n<p dir=\"RTL\">ئەمەش لە کاتێکدایە، لە مانگی شووباتی رابردوو، دادگای فیدراڵی عێڕاقی کە بەرزترین دەسەڵاتی دادوەرییە لە عێڕاق رایگەیاند، ئەو یاسایەی لە کوردستان نەوت و غازی هەرێمی کوردستانی پێدەفرۆشرێت نایاساییە. حکومەتی فیدراڵێش دەیەوێت ئەو بڕیارە جێبەجێبکات.</p>\r\n\r\n<p dir=\"RTL\">بەپێی یاسای نەوت و گازی هەرێم کە لە ساڵی ٢٠٠٧ پەسەندکراوە ماف بە حکومەتی عێراق دەدات بەشدار بێت لە بەڕێوەبردن و فرۆشتنی نەوت و گاز لەو کێڵگانەی لە پێش ساڵی ٢٠٠٥ دۆزراونەتەوە، بەڵام ئەو کێڵگانەی لە دوای ئەو بەروارە دۆزراونەتەوە تایبەتن بە حکومەتی هەرێم.</p>\r\n\r\n<p dir=\"RTL\">مانگی رابردووش دادگایەکی عێڕاقی لەسەر داوایەکی وەزارەتی نەوتی عێراق گرێبەستی چوار کۆمپانیای کەنەدی بەریتانی نەرویجی و ئەمریکی لەگەڵ هەرێم هەڵوەشاندەوە.</p>\r\n\r\n<p dir=\"RTL\">بە گوێرەی راگەیەندراوێکی وەزارەتی نەوتی عێڕاق بڕیارە کۆمپانیاکانی شلمبرگر بەیکەرهیوز و هالیتبەرتۆن لە هەرێم بکشێنەوە.</p>\r\n\r\n<p dir=\"RTL\">وەزارەتی نەوتی عێراقی بۆ یەکلاکردنەوەی پرسی نەوت و گازی هەرێم پشتی بە دوو کۆمپانیای گەورەی پارێزەری بەستووە کە ئەوانیش هامڵتۆن و کلیری گۆتلێپستینگ بە مەبەستی ئەوەی گفتووگۆ لەگەڵ کۆمپانیاکانی نەوت غاز بکەن کە لە هەرێـم کاردەکەن و قایلیان بکەن بە کشانەوە.</p>\r\n\r\n<p dir=\"RTL\">بەپێی لێکدانەوەکان کە بۆ رۆژنامەی ئەلعەرەب کراوە، وەڵامی ئەو کۆمپانیایەی نەوت و غاز نیگەرانی بۆ هەرێم دروستکردووە و وای لە سەرۆکوەزیرانەکەی کردووە سەردانی بەغدا بکات، بەڵام بەغدا ئامادەی سازش نییە لە داواکانی.</p>\r\n\r\n<p dir=\"RTL\">عێراق دوووەم گەورەترین هەناردەکانی نەوتی وڵاتانی ئۆپیکە و نزیکەی ٣.٣ ملیۆن نەوت لە رۆژێکدا هەنارەدە دەکات، بەڵام هەرێم رۆژانە نزیکەی ٤٥٠ هەزار بەرمیل هەناردە دەکات.</p>\r\n\r\n<p dir=\"RTL\">هاوکات وەزارەتی نەوتی عێراق هەرێم بەوە تۆمەتبار دەکات نەوت بە کەمتر لە نرخی بۆرسەی جیهانی دەفرۆشێت و داهاتەکەشی بە فیڕۆ دەدات، بەڵام هەرێم ئەو تۆمەتانە رەتدەکاتەوە.</p>\r\n\r\n<p dir=\"RTL\">ئەمڕۆ حکومەتی عێراقی رایگەیاند، لە مانگی حوزەیراندا داهاتی فرۆشتنی نەوتی ١١ ملیار دۆلار بووە، بەڵام هێشتا داهاتی نەوتی هەرێم بۆ ئەم مانگە رانەگەیەندراوە و بەشێک لە وەزارەتەکان موچەی مانگی حوزەیرانیان وەرنەگرتووە.</p>\r\n', '2023-02-28 19:21:53', NULL, 1, 'بارزانی-بە-دەست-بەتاڵی-لە-بەغدا-گەڕایەوە؛-هیچ-رێککەوتنێک-لەبارەی-نەوتەوە-نەکرا', 'dfc0a3c7e05c48aed0d43df2a75d8cf7.jpg', NULL, 'zhiwar', NULL),
(57, 'شێلم و پاقلە بازاڕی فرۆشیارانی ئیسکانیان گەرمکردووە', 22, 28, '<p style=\"text-align:right\">لە شاری ھەولێر شێلم و پاقلە لە بەناوبانگترین خواردنەکانی سەر شەقامن و بەتایبەتی لە وەرزی زستاندا، خواستێکی زۆریان لەسەرە.</p>\r\n\r\n<p style=\"text-align:right\"><br />\r\n&nbsp;</p>\r\n\r\n<p style=\"text-align:right\">گەڕەکی تەعجیل و شەقامی ئیسکان کە بە خواردنەکانی سەر شەقام بەناوبانگن، بە نرخێکی گونجاو چەندین جۆر خواردنیان تیادا دەستدەکەوێت کە لەسەر عەرەبانەی دەستی دەفرۆشرێن.</p>\r\n\r\n<h3 style=\"text-align:right\">&nbsp;</h3>\r\n\r\n<p dir=\"RTL\">ھەروەھا لە نزیک قەڵای ھەولێر و بازاڕی قەیسەری ژمارەیەکی زۆر عەرەبانەی دەستی ھەن کە خواردنی جۆراوجۆر دەفرۆشن.</p>\r\n\r\n<p dir=\"RTL\">&nbsp;</p>\r\n\r\n<p dir=\"RTL\">لەنێو ئەو خواردنانەشدا بەناوبانگترینیان شێلم و پاقلەیە کە لەلایەن گەنج، پیر، کەسانی ناو شارەکە و گەشتیارانی بیانیییەوە خواستێکی زۆری لەسەرە.</p>\r\n\r\n<p dir=\"RTL\">&nbsp;</p>\r\n\r\n<p dir=\"RTL\">زەینەل عەباس کە ھاووڵاتییەکی تورکمانی شارۆچکەی تەلەعفەرە و لە ساڵی ٢٠٠٩ەوە لە ھەولێر دەژی، عەرەبانەی پاقلە و شێلمی ھەیە و بەردەوام بە ژمارەیەکی زۆر کڕیار دەورەدراوە.</p>\r\n\r\n<p dir=\"RTL\">&nbsp;</p>\r\n\r\n<p dir=\"RTL\">ناوبراو بۆ ئاژاناسی ئانادۆڵو باسی لەوە کرد کە رۆژێک لەمەوبەر شێلمەکە بە دۆشاوی خورماوە دەکوڵێنن و بەو شێوەیە رەنگی شێلمەکە لە سپییەوە دەگۆڕێت بۆ قاوەیی.</p>\r\n\r\n<p dir=\"RTL\">زینەل ئاماژەی بەوەش دا کە یەک قاپ شێلم بە ھەزار دینارە، ھەروەھا بێ بەرامبەریش ئاوی شێلم دەدەن بە کڕیاران کە لەڕووی تەندروستییەوە بۆ گەروو سوودی ھەیە.</p>\r\n\r\n<p dir=\"RTL\">&nbsp;</p>\r\n\r\n<p dir=\"RTL\">گۆشتی سوورکراوەیش لە پاقلەکە دەکات</p>\r\n\r\n<p dir=\"RTL\">زەینەل عەباس بە تیشک خستنە سەر ئەوەی کە ھەشت کاتژمێر بەر لە فرۆشتنی پاقلە لە ئاوی دەکات و دواتر دەیباتە سەر عەرەبانەکە دەیکوڵێنێت و لە ئاوی گەرمدا دەیھێڵێتەوە.</p>\r\n\r\n<p dir=\"RTL\">زەینەل بە تیشک خستنە سەر ئەوەی کە بەپێی داواکاری کڕیارەکان سۆسی جۆراوجۆر بە پاقلەدا دەکات و گۆشتی ئاژەڵ و گۆشتی مریشکی سوورکراوەیش لەگەڵ پاقلەکە تێککەڵ دەکات و وتی: &quot;ئەمە بەتایبەت چوار ساڵە دەنگی داوەتەوە. یەک جێ پاقلە بە ھەزار دینارە و ئەگەر گۆشتی لەگەڵدا پێشکەش بکرێت ئەوا نرخەکەی دەبێتە دوو ھەزار دینار&quot;.</p>\r\n\r\n<p dir=\"RTL\">زەینەل ئاماژەی بەوە دا کە رۆژانە ١٠٠-١٥٠ جێ شێلم و پاقلە دەفرۆشێت.</p>\r\n\r\n<p dir=\"RTL\">&nbsp;</p>\r\n\r\n<p dir=\"RTL\">پیشەیەک نەوە بۆ نەوە</p>\r\n\r\n<p dir=\"RTL\">سەرکەوت حامید کە خەڵکی رەسەنی گەڕەکی تەعجیلە لە ھەولێر بە عەرەبانەکەی چەندین ساڵە لە زستاناندا شێلم و پاقلەی گەرم دەفرۆشێت لە دەورووبەری قەڵای ھەولێر.</p>\r\n\r\n<p dir=\"RTL\">&nbsp;</p>\r\n\r\n<p dir=\"RTL\">سەرکەوت ئاماژەی بەوە دا کە رۆژانە شێلم و پاقلە لە ماڵەوە پاک دەکەن و دەیکوڵێنن، بۆ رۆژی دواتریش ئامادەی دەکەن و دەیخەنە سەر عەرەبانە و دەیھێننە بازاڕ.</p>\r\n\r\n<p dir=\"RTL\">سەرکەوت بە تیشک خستنە سەر ئەوەی کە بژێوی ژیانی لەسەر ئەم کارەیە، وتی: &quot;بەم جۆرە تا کاتژمێر ١٧:٠٠ی ئێوارە ئەم کارە دەکەین و ھەندێک رۆژیش تا کاتژمێر ٠٣:٠٠ بەردەوام دەبین لە فرۆشتنی شێلم و پاقلە&quot;.</p>\r\n\r\n<p dir=\"RTL\">سەرکەوت ئاماژەی بەوە دا کە زۆربەی کڕیارەکان عەرەبن و ئەم کارەیشی لە باپیریەوە بۆ ماوەتەوە و نەوە دوای نەوە بەردەوام بوون لەگەڵی.</p>\r\n', '2023-02-28 19:24:20', NULL, 1, 'شێلم-و-پاقلە-بازاڕی-فرۆشیارانی-ئیسکانیان-گەرمکردووە', '69be0258f8c51e80300b20181f6992c0.jpg', NULL, 'zhiwar', NULL),
(58, 'چۆن پرسی موچە کراوەتە شەڕێکی دەروونیی دژی موچەخۆران؟', 22, 28, '<p style=\"text-align:right\">کاتێک نرخی نەوت نزمە و داهات کەمە و قەیرانی دارایی و شەڕی داعش هەیە موچە لە کاتی خۆیدا و بە تەواوی نادرێت، کاتێکش نرخی نەوت بەرزە و داهات زۆرە و شەڕی داعش نەماوە و قەیرانی دارایی کۆتایی هاتووە، هەر موچە لە کاتی خۆی و بە تەواوی نادرێت، ئەمە ئەو جەنگە دەروونیەیە، کە حکومەتی هەرێمی کوردستانی عێراق دژی موچەخۆران بەرپای کردووە و دیار نییە کەی کۆتایی پێدەهێنێت.</p>\r\n\r\n<p style=\"text-align:right\"><br />\r\n&nbsp;</p>\r\n\r\n<table cellspacing=\"0\" id=\"ContentPlaceHolder1_DataList1cc_DataList3dd_0\">\r\n	<tbody>\r\n		<tr>\r\n			<td>\r\n			<h3 style=\"text-align:right\">&nbsp;</h3>\r\n			</td>\r\n		</tr>\r\n	</tbody>\r\n</table>\r\n\r\n<p style=\"text-align:right\">هەموو ئەو ئامار و داتایانەی هەن، دەیسەلمێنن، لە ئێستادا حکومەتی هەرێم مانگانە نەک بەشی موچەیەک داهاتی نییە، بەڵکو زۆر زیاتر لە موچە داهاتی هەیە و دەتوانێت هەموو پرۆژە ڕاگیراوەکان و پێشینەکان و موچە پاشەکەوتکراوەکانیش بگەڕێنێتەوە.</p>\r\n\r\n<h3 style=\"text-align:right\">&nbsp;</h3>\r\n\r\n<p dir=\"RTL\">لە ئێستادا رۆژانە حکومەتی هەرێم ٥٠٠ هەزار بەرمیل نەوت دەفرۆشێت، ئەگەر هەر بەرمیلی بە ١٠٠ دۆلاریش بفرۆشێت، ئەوا ڕۆژانە بە بەهای ٥٠ ملیۆن دۆلار نەوت دەفرۆشێت و مانگانەش دەکاتە یەک ملیار و ٥٠٠ ملیۆن دۆلار، بەڵام بەرپرسانی هەرێم دەڵێن هەموو داهاتی نەوت ناگەڕێتەوە بۆ حکومەت، بەڵکو ٪٤١ی دەگەڕێتەوە و ئەوەی دیکە بۆ کرێی گواستنەوە و کۆمپانیاکانە، بەڵام ئەگەر بەو جۆرەش بێت، واتا ئەگەر تەنها ٪٤١ی داهاتی نەوت بگەڕێتەوە، ئەوەش زیاترە لە ٦٥٠ ملیۆن دۆلار و زیاترە لە بڕی پارەی موچە. واتا بەو بڕەش دەتوانێ موچە لە کاتی خۆی و بە تەواوی بدات و کۆتایی بەو جەنگە دەروونیە دژی موچەخۆران بهێنێت.</p>\r\n\r\n<p dir=\"RTL\">&nbsp;</p>\r\n\r\n<p dir=\"RTL\">ئەوە جگە لە ٢٠٠ ملیارەکەی بەغدا و ٣٢ ملیار هاوکاریی هاوپەیمانان و نزیکەی ٣٥٠ ملیار دینار داهاتی ناوخۆ، کە ئەگەر پێکەوە هەژمار بکرێن بەشی نزیکەی دوو موچەی فەرمانبەران دەکات. مانگانە حکومەت پێویستی بە نزیکەی ٨٩٠ ملیار دینار هەیە بۆ دابەشکردنی موچە، واتە دەتوانرێت تا پێش جەژن دوو موچە بدرێت و هێشتا بەشێکی پارەکەش دەمێنێتەوە.</p>\r\n\r\n<p dir=\"RTL\">نزیکەی سێ هەفتەشە پارەی موچەی مانگی سێ بەردەستە، بەڵام دابەشکردنەکەیان ڕاگرتووە و پێدانی موچەیان کردووە بە ٤٥ رۆژ جارێک بەبێ ئەوەی ڕایبگەیەنن، بەوەش حکومەتی هەرێم بەو هەموو داهاتەوە، لە سێ مانگدا دوو موچە بە زەحمەت و دوای شەڕێکی دەروونی و مردنی خانەنشین لە سەرەی موچەدا، دابەشدەکات.</p>\r\n\r\n<p dir=\"RTL\">ئەوەی هەیە ساڵانێکە بەردەوامە و لە داهاتووشدا پێدەچیت بەردەوام بێت، ئەوەش بەهۆی گەندەڵیی و دەستبەراگرتنی داهاتی نەوت و ناوخۆ و دەروازە سنورییەکان لەلایەن حزب و بەرپرسانەوە، بەهۆی ئەو دۆخەشەوە کە حکومەتی هەرێم لەگەڵ بەغدا ڕێناکەوێت؛ کۆتایی بە جەنگی دەروونی دژی موچەخۆران ناهێنێت.</p>\r\n', '2023-02-28 19:25:57', NULL, 1, 'چۆن-پرسی-موچە-کراوەتە-شەڕێکی-دەروونیی-دژی-موچەخۆران؟', '5de91698d341ce706c68a3be6bed0db4.jpg', NULL, 'zhiwar', NULL),
(59, 'کۆکە مەیموونەکان و نیشانەکانی و مەترسییەکانی بۆ سەر مرۆڤ چییە؟', 22, 29, '<p style=\"text-align:right\">نەخۆشییەکی زۆر دەگمەن بە ناوی کۆکە مەیموونەکان لە سەرانسەری جیهاندا بڵاودەبێتەوە و بەپێی ئامارەکانی رێکخراوی تەندروستی جیهانی زیاتر لە ٢٥٠ حاڵەتی توشبوون بە ڤایرۆسی کۆکە مەیموون لە لانیکەم لە ١٦ وڵات تۆمارکراوە و شارەزایان دەڵێن بەهۆی بەرکەوتنی نزیک و درێژخایەن لەگەڵ تاکێکی تووشبوودا بڵاودەبێتەوە.</p>\r\n\r\n<p style=\"text-align:right\"><br />\r\n&nbsp;</p>\r\n\r\n<table cellspacing=\"0\" id=\"ContentPlaceHolder1_DataList1cc_DataList3dd_0\">\r\n	<tbody>\r\n		<tr>\r\n			<td>\r\n			<h3 style=\"text-align:right\">&nbsp;</h3>\r\n			</td>\r\n		</tr>\r\n	</tbody>\r\n</table>\r\n\r\n<p style=\"text-align:right\">رۆسامۆند لویس، سەرۆکی سکرتاریەتی کۆکە لە بەرنامەی فریاگوزاری رێکخراوی تەندروستی جیهانی، رۆژی سێشەممە لە میانی کۆنگرەیەکی هەواڵیدا لە نەتەوە یەکگرتووەکان لە جنێڤ رایگەیاند، ئەو وڵاتانەی ئێستا راپۆرتی کۆکە مەیموونەکان دەدەن ئەو وڵاتانەن کە بە شێوەیەکی ئاسایی بڵاوبوونەوەی کۆکە مەیموونیان نییە.</p>\r\n\r\n<h3 style=\"text-align:right\">&nbsp;</h3>\r\n\r\n<p dir=\"RTL\">بەپێی ئامارەکانی رێکخراوی تەندروستی جیهانی، کۆکە مەیموونەکان لە نزیک دارستانە باراناوییە گەرمەکانی ناوەڕاست و رۆژئاوای ئەفریقا زۆرە، بەڵام لە نزیک ناوچە شارییەکان زیاتر بینراوە.</p>\r\n\r\n<p dir=\"RTL\">&nbsp;</p>\r\n\r\n<p dir=\"RTL\">لویس بە رۆژنامەنووسانی وت، &quot;ئەمە نەخۆشییەکی نوێ نییە و لەماوەی ٢٠ بۆ ٣٠ ساڵی رابردوودا سەریهەڵداوە، نەزانراو نییە، زۆر باش وەسف کراوە و پێدەچێت مەترسییەکە بۆ خەڵکی گشتی کەم بێت، چونکە دەزانین کە شێوازە سەرەکییەکانی گواستنەوە وەک لە ڕابردوودا باسکراوە بوون.&quot;</p>\r\n\r\n<p dir=\"RTL\">لە ئەمەریکا یەکەم حاڵەتی تووشبوون بە کۆکە مەیموون لە ساڵی ٢٠٢٢ لە نەخۆشێکدا دەستنیشانکرا کە لە نەخۆشخانەی ماساشوستس خەوێندرابوو کە بەم دواییە بە گواستنەوەی تایبەت گەشتی بۆ کەنەدا کردبوو.</p>\r\n\r\n<p dir=\"RTL\">بەپێی ئامارەکانی سەنتەری کۆنترۆڵکردن و خۆپاراستن لە نەخۆشییەکان، لە ساڵی ٢٠٢١دا دوو کەس کە لە نەیجیریاوە بۆ ئەمریکا گەشتیان دەکرد، تووشی نەخۆشییەکە بوون.</p>\r\n\r\n<p dir=\"RTL\">&rlm;رێکخراوێکی دیکەش ئاماژەی بەوەکردووە، حاڵەتەکان لە ناوچەکانی تری جیهان جگە لە ئەفریقا بە شێوەیەکی گشتی پەیوەندییان بە گەشتە نێودەوڵەتییەکان یان ئاژەڵە هاوردەکراوەکانەوە هەیە کە تووشی کۆکە بوون.</p>\r\n\r\n<p dir=\"RTL\">دکتۆر ڤیڤێک مورتی پزیشکی گشتی نەشتەرگەری ئەمریکی رۆژی پێنجشەممە لە بەرنامەی &quot;ڕۆژی نوێ&quot;ی کەناڵی سی ئێن ئێن رایگەیاند، چەندین حاڵەتی تووشبوون بە کۆکە مەیموونەکان لەنێو ئەو کەسانەدا بوون کە هیچ گەشت و بەرکەوتنێکیان لەگەڵ کەسانی دیکەدا نەزانراوە، بەڵام هیچ هۆکارێک نییە بۆ زەنگ لێدان.</p>\r\n\r\n<p dir=\"RTL\">مورتی وتی: لەم کاتەدا نامانەوێت خەڵک نیگەران بن. &quot;ئەم ژمارانە هێشتا کەمن؛ ئێمە دەمانەوێت خەڵک ئاگاداری نیشانەکان بن و ئەگەر هەر نیگەرانییەکیان هەبوو دەستیان بگاتە پزیشکەکەیان.&quot;</p>\r\n\r\n<p dir=\"RTL\">نیشانە سەرەتاییەکانی نەخۆشی کۆکە مەیموونەکان چین؟</p>\r\n\r\n<p dir=\"RTL\">&rlm;CDC&nbsp;دەڵێت، ماوەی نەخۆشییەکە نزیکەی حەوت بۆ ١٤ رۆژە و نیشانە سەرەتاییەکان بەشێوەیەکی گشتی هاوشێوەی ئەنفلۆنزا دەبن، وەک تا، لەرز، ماندووبوون، سەرئێشە و لاوازبوونی ماسولکەکان، دواتر ئاوسانی گرێ لیمفاوییەکان دەبێت، کە یارمەتی جەستە دەدات بەرەنگاریی هەوکردن و نەخۆشییەکە ببێتەوە.</p>\r\n\r\n<p dir=\"RTL\">ئاماژەی بەوەشکردووە، تایبەتمەندییەک کە هەوکردن بە کۆکە مەیموون لە کۆکە جیا دەکاتەوە، گەشەکردنی ئاوسانی گرێ لیمفاوییەکانە و دواتر پەڵەیەکی بەربڵاو لەسەر دەموچاو و جەستە دێتە ئاراوە، لەوانە ناو دەم و لەسەر کفنی دەست و بنی پێیەکان.</p>\r\n\r\n<p dir=\"RTL\">کۆکە ئازاربەخش و بەرزبووەکان مرواری و پڕن لە شلە، زۆرجار بە بازنەی سوور دەورە دراون.</p>\r\n\r\n<p dir=\"RTL\">ئاماژەی بەوەشکردووە، دواجار برینەکان لە ماوەی دوو بۆ سێ هەفتەدا تووشی چەوری دەبن و چارەسەر دەبن.</p>\r\n\r\n<p dir=\"RTL\">دکتۆر جۆن بروکس، بەڕێوەبەری پزیشکی بەشی خۆپاراستن لە ئایدز لە سی دی سی رۆژی دووشەممە لە کۆنگرەیەکی هەواڵیدا وتی، &quot;لە هەندێک حاڵەتدا، لە قۆناغە سەرەتاییەکانی نەخۆشییەکەدا، پەڵەکە زیاتر لە ناوچەی کۆئەندامی زاوزێ و دەوروبەری کۆئەندامی زاوزێ بووە&quot;.</p>\r\n\r\n<p dir=\"RTL\">باسی لەوەشکردووە، لە هەندێک حاڵەتدا برینی کۆم یان کۆئەندامی زاوزێی بەرهەم هێناوە کە لە نەخۆشیەکانی دیکەی وەک هێرسیس یان کۆکە یان سفلیس دەچێت.</p>\r\n\r\n<p dir=\"RTL\">برۆکس دەشڵێت،&nbsp;&quot;بەشێکی بەرچاو لە حاڵەتەکان لە بڵاوبوونەوەی ئێستا لە نێوان پیاوانی هاوڕەگەزباز و دووڕەگەزدا بینراوە، بەڵام بە هیچ شێوەیەک مەترسییەکانی ئێستای بەرکەوتن بە کۆکە مەیموونەکان تەنیا بۆ کۆمەڵگەی هاوڕەگەزباز و دووڕەگەزبازەکان لە ئەمریکا نییە.&quot;</p>\r\n\r\n<p dir=\"RTL\">بەگشتی، مەترسی کۆکە مەیموونەکان مامناوەندە بۆ ئەو کەسانەی کە چەندین هاوبەشی سێکسیان هەیە و بۆ دانیشتوانی فراوانتر نزمە، بەپێی راپۆرتێکی هەڵسەنگاندنی مەترسی خێرا کە رۆژی دووشەممە لەلایەن سەنتەری ئەوروپی بۆ خۆپاراستن و کۆنترۆڵکردنی نەخۆشیەوە بڵاوکراوەتەوە، بەڵام کۆکە مەیموونەکان بە نەخۆشییەکی سێکسی نازانرێت.</p>\r\n\r\n<p dir=\"RTL\">کۆکە مەیموونەکان چۆن بڵاودەبێتەوە؟</p>\r\n\r\n<p dir=\"RTL\">شارەزایان دەڵێن، بۆ بڵاوبوونەوەی ڤایرۆسی کۆکە مەیموونەکان پێویستە بەرکەوتنی نزیک لەگەڵ کەسێکی تووشبوودا هەبێت.</p>\r\n\r\n<p dir=\"RTL\">نیل مابۆت، سەرۆکی کەسی لە بواری نەخۆشی بەرگری لە قوتابخانەی ڤێتێرنەری زانکۆی ئەدینبۆرگ لە سکۆتلەندا، لە راگەیەندراوێکدا ئاماژەی بەوەکردووە، تووشبوون دەتوانێت دوای بەرکەوتنی &quot;پێستی شکاو، پەردەی چڵکدار، دڵۆپە کۆئەندامی هەناسەدان، شلەی تووشبوو بە کەتان یان تەنانەت بەرکەوتن لەگەڵ کەتانێکی پیسبوو&quot; پەرەبسێنێت&nbsp;.</p>\r\n\r\n<p dir=\"RTL\">دکتۆر مایکل سکینەر کە لە فاکەڵتی پزیشکییە لە بەشی نەخۆشییە تووشبووەکان لە کۆلێژی ئیمپریال دەڵێت، &quot;کاتێک برینەکان چاک بوونەتەوە، دەتوانرێت چەقۆکان &#39;کە لەوانەیە هەڵگری ڤایرۆسی تووشکەر بن&#39; وەک تۆز بڕێژرێت، کە دەکرێت هەناسە بدرێت&quot;.</p>\r\n\r\n<p dir=\"RTL\">CDC&nbsp;دەشڵێت، گواستنەوە لە نێوان مرۆڤەکاندا دەتوانێت لە ڕێگەی دڵۆپە گەورەکانی کۆئەندامی هەناسەوە ڕووبدات، و لەبەر ئەوەی ئەم جۆرە دڵۆپانە بە شێوەیەکی گشتی تەنها چەند پێیەک دەڕۆن، &quot;پێویستە بەرکەوتنی درێژخایەنی ڕووبەڕوو هەبێت&quot;. بەپێی ئامارەکانی ڕێکخراوی تەندروستی جیهانی، ئەمەش کارمەندانی چاودێری تەندروستی و ئەندامانی ماڵ کە چاودێری کەسێک دەکەن یان لەگەڵیدا دەژین کە چالاکانە تووش بووە، دەخاتە مەترسی زیاترەوە.</p>\r\n\r\n<p dir=\"RTL\">هەروەها کۆکە کە لە ساڵی ١٩٨٠ لە سەرانسەری جیهاندا بنبڕکرا، بە پلەی یەکەم بەهۆی بەرکەوتنی ڕاستەوخۆ و درێژخایەنی ڕووبەڕووی نێوان مرۆڤەکان بڵاوبووەوە، هەروەها ئەو شتانەی کە بەهۆی شلەی تووشبووەوە پیس بوون، وەک جێگەی نوستن یان جل و بەرگ.</p>\r\n\r\n<p dir=\"RTL\">دکتۆر پاریتۆش پراساد، بەڕێوەبەری یەکەی نەخۆشییە زۆر تووشبووەکان لە سەنتەری پزیشکی زانکۆی ڕۆچێستەر دەڵێت: &quot;نەخۆشانی کۆکە هەر کە برینیان هەبووە تووشی نەخۆشی بوون ڤایرۆسەکە بڵاودەکەنەوە هەرچەندە دڵۆپەکان لەگەڵ کۆکە یان پژمین. ئەوان بە درمی مانەوە تا برینەکانیان چارەسەر دەبن&quot;. لە نیویۆرک.</p>\r\n\r\n<p dir=\"RTL\">بەڵام بە پشتبەستن بە زانیارییە مێژووییە بەردەستەکان، پێدەچێت کۆکە مەیموونەکان کەمتر درمی بێت لە چاو کۆکە.</p>\r\n\r\n<p dir=\"RTL\">مایکل هێد، هاوکارێکی باڵای توێژینەوە لە بواری تەندروستیدا دەڵێت: &quot;کۆکە مەیموون دەتوانێت هەوکردنێکی جددی بێت، ڕێژەی مردن بەم جۆرە ڤایرۆسی کۆکە مەیموونەکان لە پەتاکانی دیکەدا نزیکەی 1% بووە. زۆرجار ئەمانە لە شوێنە کەم داهاتەکاندان و دەستڕاگەیشتن بە چاودێری تەندروستی سنووردارە&quot;. تەندروستی جیهانی لە زانکۆی ساوسهامپتۆن لە بەریتانیا. تا ئێستا هیچ حاڵەتێکی گیانلەدەستدان بەهۆی بڵاوبوونەوەی ڤایرۆسی کۆرۆناوە تۆمارنەکراوە.</p>\r\n\r\n<p dir=\"RTL\">بەڵام لە وڵاتانی پێشکەوتوودا، &quot;زۆر نائاسایی دەبێت لە هەر پەتایەکدا لە مشتێک حاڵەت زیاتر ببینین، هەروەها ئاستی گواستنەوە بە شێوەی (کۆڤید) نابینین&quot;.</p>\r\n\r\n<p dir=\"RTL\">بەپێی ئامارەکانی&nbsp;CDC، دەرمانی تەعقیمکەری باوی ماڵان دەتوانێت ڤایرۆسی کۆکە مەیموونەکان لەناوببات.</p>\r\n\r\n<p dir=\"RTL\">وەرگیران لەزمانی گینگلیزی لە وێپسایتی ئەمریکیCNN&nbsp;بۆ زمانی کوردی سابیری سەندیکا.</p>\r\n', '2023-02-28 19:28:06', '2023-03-05 13:10:50', 1, 'کۆکە-مەیموونەکان-و-نیشانەکانی-و-مەترسییەکانی-بۆ-سەر-مرۆڤ-چییە؟', 'b05661f1f79318f09bcf8789663771e0.jpg', 3, 'zhiwar', 'zhiwar'),
(60, 'ئایا شەڕێکی دیکەی جیهانی روودەدات؟', 22, 29, '<p style=\"text-align:right\">جۆ بایدن سەرۆکی ئەمریکا بە سەرکردەکانی یەکێتیی ئەوروپا و ناتۆی راگەیاند، وڵاتەکەی باوەڕی وایە کە پوتین بڕیاریداوە ئۆکرانیا داگیربکات و لەوانەیە هێرشەکە لە چەند رۆژی داهاتوودا رووبدات.</p>\r\n\r\n<p style=\"text-align:right\"><br />\r\nروسیا ئەگەرچی نزیکەی ١٠٠ هەزار سەربازی کۆکردووەتەوە، بەڵام رەتیدەکاتەوە هێرش بکاتە سەر ئۆکرانیا، ئەی کاردانەوە ئەمریکا چی دەبێت؟</p>\r\n\r\n<h3 style=\"text-align:right\">&nbsp;</h3>\r\n\r\n<p dir=\"RTL\">روسیا لەچی شتێکی ئۆکرانیا نیگەرانە؟ بۆچی دەیەوێت دەستی بەسەردا بگرێت؟</p>\r\n\r\n<p dir=\"RTL\">مێژووی ململانێکانی نێوان روسیا و ئۆکرانیا دەگەڕێتەوە بۆ چەند سەدەیەک لەمەوپێش، ئەو کاتەی هەردوو گەل لەژێر چەتری دەوڵەتی کییڤ- روسدا دەژیان هەربۆیە، پوتین ئێستاش باس لەیەک گەل دەکات.</p>\r\n\r\n<p dir=\"RTL\">لەچەند سەردەمێکی جیاوازیشدا ئۆکرانیا لەژێر دەسەڵاتی روسیا و دواتریش لەژێر رکێڤی یەکێتی سۆڤییەتدا بووە تا رووخانی یەکێتی سۆڤیەت لەساڵی ١٩٩١ دا.</p>\r\n\r\n<p dir=\"RTL\">گەرچی روسیا دەیوست دەست بەسەر غازە هەرزانەکەی ئۆکرانیادا بگرێت، بەڵام چاوی ئۆکرانیەکان لەسەر رۆژاوا بوو.</p>\r\n\r\n<p dir=\"RTL\">یەکەم خاڵی ناکۆکی لەسەردەمی پووتیندا لە ساڵی ٢٠٠٣ دەستیپێکرد ئەوکاتەی روسیا ویستی بەنداوێک رووەو کوسا توسلا بنیات بنێت، دوا بەدوای ئەوەش روسیا دەستوەردانی لەهەڵبژاردنی ساڵی ٢٠٠٤ دا کرد و پشتیوانی راستەوخۆی ڤیکتۆر یانۆکۆفیتشی دەکرد، بەڵام شۆڕشی پرتەقاڵی ئۆکرانیەکان ریسەکەی لەروسیا کردە خوری، لە کاردانەوەشدا روسیا دوو جار پێداویستی غازی لەئۆکرانیا بڕی و ئەو غازەشی راگرت لەئۆکرانیاوە دەچوو بۆ روسیا، هەر ئەوە نا بەڵکو رێگر بوو لەوەی ئۆکرانیا ببێتە ئەندام لەهاوپەیمانی ناتۆ.</p>\r\n\r\n<p dir=\"RTL\">وێستگەیەکی دیکەی ناکۆکی</p>\r\n\r\n<p dir=\"RTL\">روسیا ساڵی ٢٠١٤ دەستیگرت بەسەر نیمچە دورگەی قرمدا، لەلایەکی دیکەشەوە دوو کۆماری میللی لەدۆنتیسک و لۆ هانسکیان جیابونەوەیان راگەیاند.</p>\r\n\r\n<p dir=\"RTL\">بەناوبژیوانییەکی فەرەنسی و ئەڵمانی جارێکی دیکە روسیا و ئۆکرانیا دانوستانەکانیان دەستپێکردەوە، ئۆکرانیا روسیای تۆمەتبارکرد بەوەی هێزە روسەکان یارمەتی یاخیبووەکانی دۆنتیسکیان کردووە.</p>\r\n\r\n<p dir=\"RTL\">پوتن ئامادەنییە بەهێج شێوەیەک لەگەڵ سەرۆکی ئۆکرانیادا دابنیشێت، هۆشداری راستەوخۆشی داوەتە ئەمریکا هاریکاریی سەربازی ئۆکرانیا نەکات ئەو هۆشدارییەی ئەمریکا بەئەنقەست پابەند نابێت پێوەی.</p>\r\n\r\n<p dir=\"RTL\">هاوکات روسیا سوورە لەسەر ئەوەی نابێت ئۆکرانیا بەهیچ جۆرێک ببێتە ئەندامی هاوپەیمانی ناتۆ، ئەوەشی بەهێڵی سوور ناوبرد.</p>\r\n\r\n<p dir=\"RTL\">بەرپرسانی ئەوروپا و ئەمریکا ئیدانەی روسیا دەدەن، ئەنتۆنی بلینکن، وەزیری دەرەوەی ئەمریکا رایگەیاند، &quot;ئاماژەی زۆر مەترسیداری ئاڵۆزبوونی دۆخەکە لەگەڵ روسیا هەیە. ئێستا ئێمە لە دۆخێکداین کە دەکرێت داگیرکردنێک لە هەر خولەکێکدا رووبدات.&quot;</p>\r\n\r\n<p dir=\"RTL\">ئەمریکا کەوتووەتە خۆی و هێزی سەربازیی رەوانەی پۆلەندا کردووە، بەڵام جەیک سوڵیڤان راوێژکاری ئاسایشی نیشتمانیی ئەمریکا دەڵێت: &quot;ئەگەر روسیا دەست بە داگیرکردنی ئۆکرانیا بکات، هێزەکانیان لە رۆژهەڵاتی ئەوروپا وەڵامی سەربازییانەی روسیا نادەنەوە&quot;.</p>\r\n\r\n<p dir=\"RTL\">بەڵام نەیشاردەوە ئەمریکا و هاوبەشەکانی ئامادەن بۆ وەڵامدانەوەی خێرا، لەنێویاندا سەپاندنی سزای ئابووریی تووند.</p>\r\n', '2023-02-28 19:31:03', '2023-03-06 16:53:32', 1, 'ئایا-شەڕێکی-دیکەی-جیهانی-روودەدات؟', '011bb23d0dcfbe335589a5bf00cbd07c.jpg', 3, 'zhiwar', NULL),
(61, 'عەلی ئەبقەری سوپەرمارکێتێکی لە چاڤی لاندەکەی کردەوە!!!', 21, 31, '<p style=\"text-align:right\">شایەنی باسە لە دوای چاوەڕوانیەکی زۆر لە کۆتایدا عەلی ئەبقەری چاڤی لاندەکەی بەڕووی هاواداران و هەموو خەڵکی کوردوستاندا کردەوە و کە پێکهاتبوو لە چەنەها یاری تایبەت و خۆش و کە بووە هۆی ئەوەی خەڵکی تەرکی چاڤیلاندەکەی سلێمانی بکات وە هەروەها چوونەژوورەوەی چاڤیلاندەکەی عەلی ئەبقەری نرخی چوونە ژوورەوەی بە ١٠٠٠ دینارە و نرخی هاتنەدەرەوەی نرخی ٢٠٠٠ هەزار دینارە وە هەروەها سەرلەبەیانی ئیمڕۆ عەلی ئەبقەری سوپەر مارکێتێکی لە ناو چاڤی لاندەکەی کردەوە نرخی شتومەکەکانی یەکجار هەرزانە وە راشیگەیاند ئەوەی تە&zwnj;حەدای بکات نرخ وا دادەبەزێنێت کە ٢ جبز بە ٢٥٠ دینار بێت وە نرخی ٣ دانە شەربەتی زاکیش تەنها بە ٥٠٠ دینار بێت&nbsp;</p>\r\n', '2023-02-28 19:47:43', '2023-03-06 17:23:26', 1, 'عەلی-ئەبقەری-سوپەرمارکێتێکی-لە-چاڤی-لاندەکەی-کردەوە!!!', '5939453ec402c473fc15674e5594f053.jpg', 2, 'zhiwar', 'zhiwar'),
(64, 'ئاواتی گەشتن بە مایباخ', 21, 30, '<p dir=\"rtl\">گەشتیار کێیە ؟</p>\r\n\r\n<p dir=\"rtl\">گەشتیار خوێندکاری کۆمپیوتەرە لە کۆلێجی بنەڕەت لە قۆناغی چوارەم&nbsp;</p>\r\n\r\n<p dir=\"rtl\">وە ئەم گەنجە دڵی بە دنیا خۆشە ئاوات و حەزی زۆرە و دەڵیت هەوڵدەدەم بۆ کرینی سایرەیەکی مایباخ وئاواتی منە بەڵام ئەم کوڕە تەنها دەمە و کرداری نیە بۆیە هاتنە دی ئاواتەکەی مەحاڵە.</p>\r\n', '2023-02-28 20:38:13', '2023-03-07 17:28:45', 1, 'ئاواتی-گەشتن-بە-مایباخ', '4066a86e73820e346290343716ae0b2e.jpg', 4, 'zhiwar', NULL),
(72, 'فەلسەفەی ناسنامەی نیشتمانی لەپێناو بونیادنانی کوردستانێکی مۆدێرن', 19, 32, '<p dir=\"rtl\">دەوترێ دەوڵەتی مۆدێرن ئەو دەوڵەتەیە، تیایدا هەموو مرۆڤەکان لە ڕووی ماف و ئەرکەکانیان یەکسانن، دەوڵەتی مۆدێرن دەوڵەتی دامەزراوەکان و جیاکردنەوەی دەسەڵاتەکانە، دەوڵەتێکی دیموکراسییە، دەسەڵات بە شێوەیەکی ئاشتیانەی ڕەها دەستاودەست دەکرێت، ویستی ئازادانەی جەماوەر لە ڕێگەی سندووقی دەنگدانەوە ڕەوایەتی و هێزێکی مەزنی پێ دەبەخشێ.</p>\r\n\r\n<p dir=\"rtl\">هەرێمی كوردستان وەکو بەشێکی کارای ژینگەی هەرێمی و نێودەوڵەتی، پەیوەندییەکانی لەگەڵ جیهانی دەرەوە لەسەر بنەمای بەرژەوەندی هاوبەش دامەزراندووە، ئەکتەرێکی چالاكە و بەشدارە لە پاراستنی ئاسایش و ئاشتی و سەقامگیری جیهانی.</p>\r\n\r\n<p dir=\"rtl\">ڕاستە ئێمە لەسەردەمی بەجیهانی بوون دەژین و هەرێمی کوردستانیش بەشێکی دانەبڕاوە لەم جیهانە، بۆیە هەرێمی کوردستان بە شێوەیەکی نەرێنی کاری تێ دەکرێ، ، ئەگەر لە جیهاندا جەنگ و ئاشوب و گرفت هەبێ، &nbsp;بەڵام ئەگەر جیهان و ژینگەی دەوروبەری هەرێم تەبایی بەخۆیەوە ببینێ، ئەوا بە دڵنیاییەوە هەرێمی كوردستان وەکو دوڕگەیەکی ئارام پارێزراو و سەقامگیر دەبێت. &nbsp;</p>\r\n\r\n<p dir=\"rtl\">هەرێمی كوردستان وەکو قەوارەیەکی مەدەنی هاوچەرخ پوختەی هزری مرۆیی و کۆمەڵایەتی و ئیداری و سیاسی نوێیە.</p>\r\n\r\n<p dir=\"rtl\">هاوڵاتیانی هەرێمی کوردستان ئەم هەرێمە بە نیشتمانی نەتەوەیی تایبەتی خۆیانی دادەنێن، هەرێم لە پێناو دەستەبەرکردنی بەرژەوەندی مرۆیی هاوبەش لە چوارچێوەی پێکهاتەی هەرێمی و جیهانیدا کاری هاوئاهەنگی و هاوسازی دەکات و بە پەیڕەوکردنی دبلۆماسیەتی ئارام هاوسەنگی دەپارێزێ.</p>\r\n\r\n<p dir=\"rtl\">یەکێك لە گرینگترین و مەترسیدارترین قۆناغ، کە بونیادنانی هەرێمی کوردستانی هاوچەرخ پێیدا تێپەڕبوو، یەکەم قۆناغەکانی وەرچەرخان بوو لە سیستەمی نادیموکراسیی بۆ سیستەمێکی نیمچە دیموکراسی مۆدێرن، لەم قۆناغەشدا بە ووردی کار بۆ داڕشتنی نەخشەی ژێرخان و بینا دەکرێت.&nbsp; &nbsp;</p>\r\n\r\n<p dir=\"rtl\">هەرێمی کوردستان، کە لە چاو دەوڵەتانی دونیاوە کەم ئەزموونە، دووچاری پرۆسەی کاری گەورە بۆتەوە و بە هۆی کار و وەرچەرخانەوە ئالنگارییەکی زۆریشی هاتۆتە بەردەم.</p>\r\n\r\n<p dir=\"rtl\">هێشتا لە بواری نیشتمانسازی و ئایندەسازی پەرتەوازەیی بوونی هەیە، ئەمەش بەداخەوە وای لە کۆمەڵگەی کوردستان کردووە، ببێت بە چەند کۆمەڵە دوڕگەیەکی دابڕاو و فرەجەمسەر لە ڕووی فەرهەنگ و لە ڕووی کۆمەڵایەتی و سیاسیی، زۆر جار دەبینین ئامانج و خواست و ویستی سیاسی یەکتر دەبڕن.</p>\r\n\r\n<p dir=\"rtl\">ئاساییە لە سەرەتای نەشونمای هەرێمی كوردستان ئاستی خواستەکانی توێژەکانی کۆمەڵگە بەرزبن، بۆ ئەوەی هەر چین و پێکهاتەیەك وا هەست بکات، زۆرترین بەشی لە کێکی فەرهەنگی و کۆمەڵایەتی و سیاسی بەردەکەوێ.</p>\r\n\r\n<p dir=\"rtl\">بەڵام ناسنامەی نيشمانی یەکگرتوو ئەو کەشتییە نیشتمانییە گەورەیەیە، کە دان بە هەموو پێکهاتەکانی کۆمەڵگە دەنێت و کۆمەڵگە بەیەکەوە گرێ دەدات و&nbsp; فرەیی و جیاوازەکان لە ئامێز دەگرێت.</p>\r\n\r\n<p dir=\"rtl\">دواتر لەو پێکهاتە و جیاوازییانە کیانێکی گەورە و بەهێز درووست دەبێت، کە ڕەنگدانەوەی هەمووان بێت و هیچ پێکهاتەیەك هەست بە پەراوێزبوون و کێماسی نەکات، بەڵکو لە ناو چوارچێوەی نیشتمانێکی گشتگیر هەمووان هەست بکەن بەهێزتر دەبن و دەتوانن پەرە بە تواناکانیان بدەن.</p>\r\n\r\n<p dir=\"rtl\">ناسنامەی نیشتمانی خاڵی یەکگرتنەوەی کۆمەڵگەیە و دەبێتە مایەی درووستکردنی یەکەم هەنگاو، بۆ گەیشتن بە ئامانجە بەرزەکان.</p>\r\n\r\n<p dir=\"rtl\">ناسنامەی نیشتمانی دەستورێکی نە نووسراو و جاڕنەدراوە، بوونی هەیە و لە ناخی نەوەی نیشتمانێکی یەکگرتووی کوردستانی بەرجەستەیە، ئەو نەوەیەی باوەڕی پێ هەیە و پەیڕەوی دەکات و وەکو بەشێ لە بوون و ویژدان و هزر و دەروونی دەیپارێزێ، پێش ئەوەی ئەو ناسنامە نیشتمانیە ببێت بە پێکهاتەیەکی فەرهەنگیی و یاسایی پشت پێ بەستراو.</p>\r\n\r\n<p dir=\"rtl\">مێژووی نوێی كوردستان جەخت لە ڕاستی و پێویستی نەخشەسازی و بەهێزکردنی ناسنامەی نیشتمانی یەکگرتوو دەکات بۆ کۆمەڵگەی کوردستانی، کە ببێت بە بنەمایەك بۆ دامەزرزاندنی سەرجەم قۆناغ و پرۆسەکانی بونیادنانی هەرێمێکی هاوچەرخ.</p>\r\n\r\n<p dir=\"rtl\">ئەزموونی وڵاتان، بۆ نموونە ویلایەتە یەکگرتووەکانی ئەمریکا، ژاپۆن، بریتانیا، فەرەنسا و تەنانەت مالیزیا و تورکیا، ئەو ڕاستییە دەسەلمێنن، کە دەکرێ ناسنامەیەکی نەتەوەیی درووست بکرێ، لەپێناو لە ئامێزگرتنی فرەیی و تێکەڵکردن بە مەبەستی درووستکردنی کیانێکی یەکگرتوو و ڕێکخراو و ئاراستەکراو لەپێناو دەستەبەرکردنی بەرژەوەندییە باڵاکان.</p>\r\n\r\n<p dir=\"rtl\">بلیمەتی ناسنامەی نیشتمانی یەکگرتوو بریتیە لە:</p>\r\n\r\n<p dir=\"rtl\">- توانای گۆڕینی فرەیی و هەمەچەشنی سروشتی کۆمەڵگە بۆ سامانێکی نيشتمانی، لە پێناو پەرەپێدان و ڕابوونی کۆمەڵگە و گۆڕینی یەك بڕین و ململانێی تایفەگەری بۆ یەکگرتوویی، ئەوەش لەژێر چەتر و لە ڕێگەی بەکارهێنانی قیبلەنومایەکی نێشتمانی یەکگرتوو.</p>\r\n\r\n<p dir=\"rtl\">- نەهێشتنی ئەو هەست و بیرە تایبەتەی، کە پەیوەستە بە ترسی پێکهاتەکان لە ئێستا و ئایندەیان، لە ڕووی دوورخستنەوە و بێ بەشکردنیان لە مافە کەسی و گشتییەکان.</p>\r\n\r\n<p dir=\"rtl\">ئەو دوورخستنەوە و گۆشەگیرییەش مرۆڤ و کۆمەڵەی مرۆڤایەتی پاڵدەنێ بەرەو گۆشەگیری و نغرۆبوون لەناو خود، تا وایان لێ دەکات هەوڵی خۆقایمکردن و خۆ بەهێزکردن بدەن و ئامادە بن بۆ ململانێکردن لەگەڵ بەرامبەرەکانیان.</p>\r\n\r\n<p dir=\"rtl\">بەو شێوەیە کۆمەڵگە دەبێت بە دووڕگەیەکی دابڕاو و بەرژەوەندییەکانی ئەو کۆمەڵگەیە لەگەڵ کۆمەڵگەکانی تر یەکتر ناگرێتەوە، ئەو کۆمەڵگەیە ئامادە دەبێت بۆ ململانێی نەرم و پاشان بۆ ململانێی ڕەق، ئەمەش بنەماکانی کۆمەڵگە وێران دەکات.</p>\r\n\r\n<p dir=\"rtl\">باشە چۆن دەکرێ ئەو وزە و هێزە دەروونییە نەرێنییەی لە ناخە دوودڵ و ترساوەکان هەیە بگۆڕدرێ بۆ هێزێکی ئەرێنی پڕ لە خۆشەویستی و هاوکاری و تەواوکار بەمەبەستی بونیادنان و پەرەپێدانی نیشتمان؟</p>\r\n\r\n<p dir=\"rtl\">چۆن دەکرێ ئارەزووی دەروونی زۆرینە، کە زۆرجار مەبەستیە لەسەر حیسابی پێکهاتەکانی تری کۆمەڵگە خۆی باشتر و ڕێکخراوتر بکات، دووربخرێتەوە لە ئاسۆی تاکگەرایی و خۆویستی و ستەمکاری و بگۆڕدرێ بۆ بلیمەتی ناسنامەی نیشتمانی یەکگرتوو، بەمەبەستی دەستەبەرکردنی ئامانجە بەرزەکانی نیشتمان؟</p>\r\n\r\n<p dir=\"rtl\">پرۆسەی بونیادنان و بەهێزکردنی ناسنامەی نیشتمانی یەکگرتوو بۆ کۆکردنەوی پێکهاتەکانی کۆمەڵگە پشت بە سیستەمێکی یەکخراوی بە پرنسیپ دەبەستێ، لە پێش هەموویانەوە:</p>\r\n\r\n<p dir=\"rtl\">- ناسنامەی نیشتمانی کۆمەڵگە، بەشێکی ڕەقە و بریتیە لە زمان و نەریتی مێژوویی کۆمەڵگەی و بەشێکی نەرمە، بۆ نموونە بەها زاڵەکانی ئەو کۆمەڵگەیە، بێجگە لە بەشێکی تر، کە بریتیە لە دیدگا و ئامانجەکان.</p>\r\n\r\n<p dir=\"rtl\">- دان نانی تەواو بە هەموو پێکهاتە ئێتنییەکانی کۆمەڵگە و پێدانی مافی هاوڵاتیبوونی ڕاستەقینە و یەکسان لە ڕووی مافەکان و ئەرکەکان.&nbsp;</p>\r\n\r\n<p dir=\"rtl\">- پشت بەستن بە بوونی مێژوویی وەک یەکێ لە پێکهاتە مێژووییەکانی ئەم کۆمەڵگایە، نەك وەکو زۆرینە لە ڕووی ژمارەوە.</p>\r\n\r\n<p dir=\"rtl\">- پشت بەستن بە سیستەمی بەها مرۆییە جیهانییە باوەکان، وەکو ئازادی و لێبوردەیی و برایەتیی مرۆیی و دادپەروەری و یەکسانی و هاوسۆزی، کە ڕێزگرن و پاراستنی مافی مرۆڤ و پێکەوەژیانی ئاشتیانە بەهێز دەکات و بەهێزکردنی ئازادییە کەسیی و گشتییەکان و بەرزڕاگرتن و جێ بەجێکردنی یاسا، بەمەبەستی زامنکردنی ئاسایش و سەقامگیری کۆمەڵگەیی.</p>\r\n\r\n<p dir=\"rtl\">- سیستەمی بەها لاوەکیی ووردی بەهاکانی هاوڵاتیبوون (ڕێزگرتن، دادپەروەری، یەکسانی، پابەندبوون و دیسپلین و بەدامەزراویی کردن)، وەکو بەهایەکی گشتی زاڵ بەسەر ڕەفتار و ئەدای کۆمەڵگەی ئازاد و هاوچەرخی کوردستانی.</p>\r\n\r\n<p dir=\"rtl\">- کۆمەڵە بەهایەکی تری وەکو چاودێری جەماوەری هەیە، لە پێشەوەی هەموویان ئەرێنیبوون و خۆبەخشی و دەستپێشخەریکردن و حیکمەت و هۆشیاری و بەئاگابوون و دانانی بەرژەوەندی گشتی لەسەرووی بەرژەوەندی کەسیی، ئەمەش توانای ویستی جەماوەر بەهێزدەکات، بە تایبەتی کاتێ کە دەخرێتە ناو چوارچێوەی دامەزراوە و بوارەکانی کاری کۆمەڵگەی مەدەنی، وەکو تەواوکار و هاوکاریکردنی ڕۆڵ و ئەرکەکانی حکومەتی هەرێم و چاودێریکردنی حکومەت و بە&zwnj;هێزکردنی ئەدای حکومەت بەمەبەستی خزمەتکردنی بەرژەوەندی جەماوەری کوردستان.</p>\r\n\r\n<p dir=\"rtl\">بونیادنان و بەهێزبوونی ناسنامەی نیشتمانی بەم نیشاندەرانەی خوارەوە دەردەکەوێ:&nbsp;</p>\r\n\r\n<p dir=\"rtl\">- ئەندامانی کۆمەڵگە سەرجەم ڕێوڕەسمە ئاینی و بۆنە تایبەتەکانی خۆیان بە ئازادییەکی تەواو ئەنجام دەدەن، هەرێمی کوردستان دانی تەواو بەو ڕێورەسم و بۆنانە دەنێت، کە بتوانن دامەزراوە ئاینی و کەلتوریییەکانی خۆیان بەو پەڕی ئازادی و بێ ڕێگری لەلایەن حکومەتی هەرێم دابمەزرێنن. بە تەواوی توانایان هەبێت مناڵەکانیان ئارەزوومەندانە فێری بەها ئاینییە تایبەتەکانی خۆیان بکەن، هەروەها ئازادی تەوایان هەبێت، پلە و پۆستی باڵایان هەبێت لە هەموو بوارەکانی ژیانی مەدەنی و سەربازی و دادی بە پێی پرنسیپی لێهاتوویی لە ڕووی پیشەوە، وەکو ئەوەی لە سەر ئاستی نێودەوڵەتی باوە. هەروەها مافی تەواویان هەبێت لە بەشداریکردن لە ژیانی گشتی و ڕادەرىرین بە شێوەیەکی ئازادانە و مافی دامەزراندنی دامەزراوەی کۆمەڵگەی مەدەنییان هەبێت لە هەموو بوارە جیاجیاکان.</p>\r\n\r\n<p dir=\"rtl\">کاتێ ئێتنە جیاجیاکان دەگەنە ئەو قەناعەتەی، کە مافەکانیان بەتەواوی دەستەبەرکردووە، ئەو کاتە هەست بە پێگە و بەهای نێستمان دەکەن و و لە ناخیاندا ئەو ڕق و کینەیە دەسڕێتەوە، کە پاڵنەردەبێت بۆ درووستکردنی دەوڵەت لەسەر بنەمای تایفەگەری تایبەت بە خۆیان، کە مافی ئێستا و داهاتوویان بپارێزێت. بلیمەتی ناسنامەی نیشتمانی یەکگرتوو دەتوانێ قەناعەتێ درووست بکات، کەوا پێویستە نیشتمان لەسەرووی تایفەگەرایی بێت و هاوکێشەی هاوئاهەنگی بەهێزبوونی تایفە لە بەهێزبوونی هەرێمی كوردستان دەبێت، چونکە ئێتنەکان بوونیان نابێت، ئەگەر نیشتمانێکی یەکگرتوو و بەهێزمان نەبێت.</p>\r\n\r\n<p dir=\"rtl\">کاتێ کار دەگاتە ڕادەیەكی باش لە تێگەیشتن و مومارەسەکردنی چەمکەکانی ناسنامەی نیشتمانی کوردستانی بەشێوەی کرداری، ئەو کاتە دەبینین چۆن بلیمەتی ناسنامەی نیشتمانی لەدامەزراوەی ڕاستەقینەی کۆمەڵگەیەکی مۆدێرنی دێموکراتیدا بەرجەستە دەبێت، هەروەها ئەو کاتە دەبینین چۆن کۆمەڵگەیەکی ئەرێنی درووست دەبێ، کە بە هێز و کاریگەرییەوە بەشداری لە ژیانی گشتیدا دەکات و دەستاودەستکردنی دەسەڵات بە شێوەیەکی ئاشتیانە قبوڵ دەکات و کاری نیشتمانی بە پیرۆز دەزانێت. ئەو کاتە ئێتنە جیاجیاکان وەکو پێکهاتە ڕۆڵی بەرچاو دەگێڕن و بە شێوەیەكی نەرم لە خزمەتی بەرژەوەندییە باڵاکانی نیشتمان دەبن.</p>\r\n\r\n<p dir=\"rtl\">لە کۆتاییدا: ناسنامەی نیشتمانی یەکگرتوو دیوارێکی پۆڵایین و ڕێگرە لەبەردەم هەوڵە دەرەکییەکان و ناهێڵێت کارتی کەمینەکان بەکاربهێنرێت بۆ لێدانی یەکگرتوویی و بەهێزی کۆمەڵگەی کوردستان.&nbsp;</p>\r\n', '2023-03-06 17:18:58', '2023-03-07 05:07:53', 1, 'فەلسەفەی-ناسنامەی-نیشتمانی-لەپێناو-بونیادنانی-کوردستانێکی-مۆدێرن', '81449cf09b0f0ca6d6261800c2034d68.jpg', 2, 'zhiwar', NULL),
(73, 'له‌كاتی به‌ڕێوه‌چوونی پرسه‌یه‌ك له‌ ئاكرێ هاووڵاتییه‌ك بریندار ده‌كرێت و سێ تۆمه‌تباریش ده‌ستگیرده‌كرێن. ', 20, 25, '<p dir=\"rtl\">ئه&zwnj;مڕۆ پێنجشه&zwnj;ممه&zwnj; (23ـی شوبات/فێبرێوه&zwnj;ری 2023)، عیماد حسێن، گوته&zwnj;بێژی پۆلیسی ئاكرێ به&zwnj; كوردستان24ـی راگه&zwnj;یاند، له&zwnj;كاتی به&zwnj;ڕێوه&zwnj;چوونی پرسه&zwnj;یه&zwnj;ك له&zwnj; گه&zwnj;ڕه&zwnj;كی (حه&zwnj;جی غه&zwnj;نی) به&zwnj;هۆی كێشه&zwnj;یه&zwnj;كی كۆنی كۆمه&zwnj;ڵایه&zwnj;تییه&zwnj;وه&zwnj; شه&zwnj;ڕه&zwnj; ته&zwnj;قه&zwnj; له&zwnj;نێوان دوو بنه&zwnj;ماڵه&zwnj;دا دروستبوو و به&zwnj;هۆیه&zwnj;وه&zwnj; هاووڵاتییه&zwnj;ك برینداربوو.</p>\r\n\r\n<p dir=\"rtl\">سه&zwnj;رچاوه&zwnj;كه&zwnj; ئه&zwnj;وه&zwnj;شی خسته&zwnj;ڕوو، ئه&zwnj;و دوو كه&zwnj;سه&zwnj;ی ته&zwnj;قه&zwnj;یان له&zwnj; یه&zwnj;كدی كردووه&zwnj;، ئاموزای یه&zwnj;كتر بوونه&zwnj;. گوتیشی، &quot;سێ تۆمه&zwnj;تباری رووداوه&zwnj;كه&zwnj; له&zwnj;لایه&zwnj;ن پۆلیسی ئاكرێوه&zwnj; ده&zwnj;ستگیركراون و لێكۆڵینه&zwnj;وه&zwnj;كان له&zwnj;باره&zwnj;ی رووداوه&zwnj;كه&zwnj;وه&zwnj; به&zwnj;رده&zwnj;وامن.&quot;</p>\r\n\r\n<p dir=\"rtl\">به&zwnj;گوێره&zwnj;ی زانیارییه&zwnj;كان، برینداره&zwnj;كه&zwnj; ره&zwnj;وانه&zwnj;ی نه&zwnj;خۆشخانه&zwnj;ی فریاكه&zwnj;وتنی ئاكرێ كراوه&zwnj; بۆ وه&zwnj;رگرتنی چاره&zwnj;سه&zwnj;ری پزیشكی.</p>\r\n', '2023-03-06 17:22:03', '2023-03-08 04:49:46', 1, 'له‌كاتی-به‌ڕێوه‌چوونی-پرسه‌یه‌ك-له‌-ئاكرێ-هاووڵاتییه‌ك-بریندار-ده‌كرێت-و-سێ-تۆمه‌تباریش-ده‌ستگیرده‌كرێن.-', 'aa1b858169167cd3b9a9f6a176f5affe.jpg', 6, 'zhiwar', NULL),
(74, 'پێکەوە ژیانی موسوڵمان و کریستیان', 19, 32, '<p dir=\"rtl\"><strong>&nbsp;دوو هۆکار لەپشت ناونیشانی ئەم بابەتەوەیە سەبارەت بە ناوهێنانی تایبەتی موسوڵمان و کریستییان ئەگەرچی دیدەکە گشتییەو کۆی خاوەن ئایین و فکرەکانیتر دەگرێتەوە و کوردستان تەنها موسوڵمان و کریستیان نیە، یەکەمییان کۆمەڵگەی کوردستان موسوڵمانە و دوەمیشیان، دوەمین ئایین لە کوردستاندا مەسیحییەو شوێنگەی مێژویی جیهانیی شوێنکەوتوانی خاچە. &nbsp;</strong></p>\r\n\r\n<p dir=\"rtl\">پێکەوەژیان ئەگەرچی حاڵەتێکی کۆمەڵایەتییە، بەڵام لەبەرئەوەی کە هەموو هەڵسوکەوت و هەڵوێستێک دیدو بۆچونێکی لەپشتەوەیە، وە بەهۆی جەنگ و ئاڵۆزییەکان لە ئاستی جیهاندا، بووە بە چەمکێکی فکری و چوارچێوەی تایبەتی خۆیی هەیە.</p>\r\n\r\n<p dir=\"rtl\">１- پێکەوە ژیان لەسەر بنەمای &quot;جیاوازیی&quot; ڕادەوەستێت، واتە کاراکتەرەکان، هەڵگرانی ئاینە ئاسمانی و دانراوەکانی دەستی ئادەمیزاد، بەگشت جیاوازییەکانیانەوە یەکتر قبوڵ دەکەن و لەگەڵ یەکتر پێکەوە لەیەک کۆمەڵگادا دەژین، بەواتای ئەوەی دەبێت جیاوازبن و خاڵە جیاوازەکانییان وەک خۆی بمێنێتەوە و پارێزگاری لێ بکرێت، نەک لەژێر ناونیشانی پێکەوەژیاندا هەوڵی هەڵگرتن و نەهێشتنی جیاوازییەکانی نێوان پێکهاتەکان بدرێت، لەو کاتەدا کەهەموو بوون بەیەک ڕەنگ هیچ واتایەک بۆ پێکەوەژیانی خاوەن ئایدیا جیاوازەکان نامێنێت.</p>\r\n\r\n<p dir=\"rtl\">پێکەوەژیانی جیاوازەکانیش بەرهەمێکە لەبەرهەمەکانی فرەیی، فرەیی ئاینی، فرەیی فکری و ڕۆشنبیری، فرەیی سیاسی، نەتەوەیی، شارستانی، ڕەنگ و نەژاد، کاتێک کە تەماشای لاپەڕەکانی پەرتوکی جیهانی مرۆڤایەتی دەکەیت، ملیۆنان ئایین و فکرو نەژاد دەبینیت کە تەنها لە دروستبوندا لەیەک دەچن، ئەمە وات لێ دەکات کە ئەم فرە جۆرییە بە بنچینەیەک لە بنچینەکانی ژیان بزانیت. ژیانێکی ئاشت، سەقامگیرو دور لەشەڕ و شۆڕ و ئاژاوە نانەوە، چونکە &quot;ئاشتی&quot; سروشتی نەگۆڕاوی پەیوەندییەکانی نێوان کۆمەڵگاکانە، هەموو دەبێت ئاشتی خوازبن.</p>\r\n\r\n<p dir=\"rtl\">ئەم بنەمایانەی ژیانیش پێویستییان بە بنەمایەکیترە، ئەویش بنەمای ئازادییە، ئازادی ئایین و فکرو هەڵسوکەوت، بەڕەچاوکردن و پابەند بوون بە ڕەوشتەکان و ڕەهەندەکانی یەکسانی و پاراستنی ئازادی ئەوانیتر، بۆیەشە ئازادیی ناموسوڵمان بەشێک لە ئازادیی موسوڵمان لە کۆمەڵگادا، بەواتای ئەوەی کە خاوەن ئایینەکایتر لەسەرجەم ئایینداری خۆیاندا هیچ جۆرە فشارێکیان لەسەر نەبێت، لەوەش زیاتر ئەرکی کۆمەڵگایە بە حوکمی &quot;ئایین&quot; کە هەروەک چۆن مزگەوتەکان دەپارێزن پەرستگاکانی خاوەن ئایینەکایتریش بپارێزن ، دەقە قورئانییەکان وا دەڵێن کە: هەرکەس ویستی شوێنی پەرستشی خاوەن ئایینەکان بڕوخێنێ و تێکییان بدات، ئەوە ئەبێت بەهەر هۆکارێک بێت ڕێگای لێ بگیرێت، ئەگەر نا لابدرێت و دەسەڵاتی لێ بسەنرێتەوە [ سورەتی حەج: 40 ].</p>\r\n\r\n<p dir=\"rtl\">２- ئەگەر سەرەتاترین واتاکانی پێکەوەژیان نەبونی فشار و ناڕەحەت نەکردن و دور لە سوکایەتی بێت، بەڵام تەنها لەو وێستگە سەرەتاییەدا ناوەستێت، ئەگەر لەو ئاستەدا وەستا ئەوە وەک تاکتیک و فێڵ و خۆتاودان وایە، بەڵام &nbsp;چەمکی پێکەوەژیان تاکتتیک نیە و پلانی&nbsp; فێڵاوی و خۆئامادەکردن نیە بۆ جەنگ لە گونجاوترین هەلی رەخساودا، بەڵکو بنچینەیەکی نەگۆڕی بونیادی کۆمەڵگایەکی ئاسایی و ئاشت و تەندروستە، دۆستایەتی و خۆشەویستی نێوان هەڵگرانی ئایین و فکرە جیاوازەکانە، بینینی ڕەوشتی بەرزو مرۆڤدۆستییە، چۆن ؟</p>\r\n\r\n<p dir=\"rtl\"><strong>یەکەم:-</strong></p>\r\n\r\n<p dir=\"rtl\">&nbsp;کۆمەڵگا لە ئەندامانی پێکدێت، تاکەکانیش پێکەوە بەهەمویانەوە نازناوی گەلیان لێ دەنرێت، بە خۆ دورگرتن لەیەکتر نازناوی یەک گەل و نیشتمان ون دەکەن، دورەپەرێزییش لەگەڵ دەرونی مرۆڤی ئاساییدا ناگونجێت، لە لایەکیترەوە پەرژەوەندییە کەسییەکان چ جای بەرژەوەندییە باڵاکانی نیشتمان هیچ کەس بە تەنها خۆی توانای بەدیهێنانیانی نییە، کاری کۆمەڵییانەی پێویستە، کاری کۆمەڵییش بە کۆمەڵگایەکی شێوە زۆرەملێیی ئەنجام نادرێت، تاکەکانی کۆمەڵگا پێویستیان بە دۆستایەتی و یەکتر خۆشویستنە، پاشان مرۆڤ مامەڵە لەگەڵ هەڵسوکەوت دەکات نەک بیروباوەڕ، ئەو کەسەی هاوکارتە گرنگ ڕەوشتی هاوڕێیەتی و هاونیشتمانیەتی لەژیانی ڕۆژانەدا، نەک خاوەن چ بیرو ئاینکێکە، دەی هەروەک هەموو ڕەوشتەکانی موسوڵمان موسوڵمانانە نییە، ڕەوشت و خەسڵەتەکانی ئەوانیتریش هەمووی دژە ئایین و بێ باوەڕ نییە وەک بیرمەندی دانا &quot;سەعید نورسی&quot; دەڵێت. بۆیە پێکەوە کارکردن لەگەڵ سەرجەم جیاوازەکادا پێویستیی ژیانێکی واتادار و بونیادنانی شارستانییە، ئەمەش بە بێ ئاشتیی دڵەکان و دڵسۆزییان بۆ یەکتر مەحاڵە.</p>\r\n\r\n<p dir=\"rtl\"><strong>دوەم:-</strong></p>\r\n\r\n<p dir=\"rtl\">بۆ زیاتر تێکەڵ بوون لە نێوان ئەندامانی کۆمەڵگادا ئایینی ئیسلام هەروەک چۆن دەڵێت بە موسوڵمان کە ئافرەتی موسوڵمانی خاوەن ڕەوشت بخوازە، لەهەمان ئایەتدا هانی خواستنی &nbsp;ئافرەتی&nbsp; ڕەوشتداری خاوەن ئاینەکانیتریش دەدات،[ سورەتی مائیدە: 5]، ڕونیشە کە کەسێک خێزانێکی ئاین و فکر جیاوازی هەبێت خۆشی دەوێت بێ بیرکردنەوە لە جیاوازیی ئاین، هەروەها لەگەڵ باوک و دایک و برا و خوشک و کەسی نزیکیدا دۆستایەتی دەکات، ئەمە هەنگاوی تێکەڵ بونی خوێنی هەڵگرانی ئایینە جیاوازەکانە لە یەک کۆمەڵگادا، لەخۆشیدا واتای ئەوە دەگەیەنێت کە پێکهێنان و پاراستنی کۆمەڵگایەکی ئاشت و ئاشتیخواز مەرامێکە لە مەرامەکانی ئیسلام و ئەرکی تاکی موسوڵمانە بەو ئاراستەیە کاربکات .</p>\r\n\r\n<p dir=\"rtl\">سێیەم:- بێگومان کە هەڵگری هەر دیدێک عەوداڵی بڵاوکردنەوە و زیادبونی شوێکەوتوانییەتی، تاکە رێگایەک بۆ ئەو ئامانجە تەنهاو تەنها بریتییە لە قایلکردن بە وتووێژ و سەلماندنی دید و ڕای خودە بە بەڵگە هێنانەوە، زۆرکردن کۆمەڵگایەکی دو ڕوو دروستدەکات.</p>\r\n\r\n<p dir=\"rtl\"><strong>کەواتە:-</strong></p>\r\n\r\n<p dir=\"rtl\">- ئەو کردارانەی داعش لەژێر پەردەی ئیسلامدا لە ساڵانی رابوردوو تا ئێستاش نەک لەگەڵ بنەماکانی ئیسلامدا ناسازێت، بگرە دژە بە سەرجەم پرەنسیپە ئاینییە پەیوەندیدارەکان، وێنایەکی نامرۆڤانە و تاڵی &nbsp;ژیانیشە.</p>\r\n\r\n<p dir=\"rtl\">- بۆ پێکهێنانی کۆمەڵگایەکی ئاشتی تەندروست، دەبێت ئاینەکان وەک خۆیان بپارێزرێن و رێزیان لێ بگیرێت، نەک هەوڵی نەهێشتن یان تواندنەوە و کاڵکردنیان بدرێت، چ جای سوکایەتی پێکردن. هەوڵی وێناکردنێکی ناشرین و دزێوی ئاین لەژێر تابلۆی پێکەوەژیاندا بەمەبەستی دژە ئاینیی شاراوە، رووی تەواوکەری مومارەسەی داعشە، چونکە &quot;رادیکالی ئاینیی و رادیکالی لائیکی&quot; ئاشتی نێو کۆمەڵگا ئەشێوێنن.</p>\r\n\r\n<p dir=\"rtl\">- ئەو تێگەیشتنەی ئایینەکان و پەیوەندی نێوان شوێنکەوتوانی ئایینەکان یان جیاوازی مەزهەبی لە یەک ئایندا بەو چەشنەی لە کوردوستاندا هەیە ، لە زۆرینەی زۆری هەڵگرانیدا میانڕەو و ئاشتیخوازە، دەردەسەریی ناوچەکانیتری عێراق کە داتەپینی دەوڵەت و تێکدانی پەیوەندی نێوان پێکهاتەکانی لێکەوتەوە، کوردستان لێی پارێزراوە، ئەوەش وریایی لە پاراستن و دەستپێوەگرتنی ئەو تێگەیشتن و پەیوەندییە کۆمەڵایەتییە دەخوازێت.</p>\r\n', '2023-03-07 04:38:38', '2023-03-07 05:08:21', 1, 'پێکەوە-ژیانی-موسوڵمان-و-کریستیان', 'd8f8dedc0591f3b913dbcdf0fdea2687.jpg', 1, 'yasinn', NULL);
INSERT INTO `tblposts` (`id`, `PostTitle`, `CategoryId`, `SubCategoryId`, `PostDetails`, `PostingDate`, `UpdationDate`, `Is_Active`, `PostUrl`, `PostImage`, `viewCounter`, `postedBy`, `lastUpdatedBy`) VALUES
(75, 'مۆزیکدانان', 19, 32, '<p dir=\"rtl\"><strong>* کاتێک باس لە مۆزیکدانان دەکەین، ئەمە بابەتێکى فرە ڕەهەندە و بە تەنها چەند دێڕێک لایانە جیاوازەکانى تاووتوێ ناکرێت، چون چەندین جۆر و ستایڵ لە مۆزیکدانان هەر لە چاخەکانی ناوەڕاست، ڕێنیسانس، بارۆک، کلاسیک، ڕۆمانتیکەوە سەریان هەڵداوە و تا ئێستا بە چەندین گۆڕانکارى و داهێنانەوە کاری لەسەر دەکرێت، کە هەریەکەیان بۆ خۆى دنیایەکى بەرفراوانە و هەر چاخە توێژینەوە و شیکاریى بەرفراوانی پێویستە.</strong></p>\r\n\r\n<p dir=\"rtl\">* ئەوەى من لەسەرى ئەدوێم و دەکۆڵمەوە پەیوەندیدارە بە کوردستانى باشوور یان با بڵێین کوردستانى عێراق- هەرێمی کوردستان، هەرچی بەشەکانی دیکەی کوردستانە گرفت گەلی هاوشێوە و دیکەیان هەیە، ڕەنگە ئێمە لە کوردستانى باشوور &nbsp;گرفتەکانى مۆزیکدانەرێکى کوردستانى ڕۆژئاوا نەزانین لەچیەوە سەرچاوەى گرتووە، بۆیە من بە باشى دەزانم لێکۆڵینەوەکەم تایبەتمەندتر بکەم بەم ناوچەیەى کە خودى خۆم تیایدا ژیان دەکەم، ڕەنگە ئەوەى لەسەرەتا و کۆتایى لەسەرى دەدوێین زۆرێک گرفتى هاوبەش بن لە نێوان کورد و نەتەوەکانى دیکەى دراوسێمان لە (فارس، عەرەب، تورک و ... )بەڵام هەر نەتەوەیە لە خەمی هونەر و کولتووری خۆیدا دەکۆشێت و هه&zwnj;وڵی گەشەپێدانی دەدات.</p>\r\n\r\n<p dir=\"rtl\">* شایەنى باسە ئەم هزر و لێکۆڵینەوەیەى خستومەتەڕوو تیۆرێکى ستاندار و بابەتێکى چەق بەستوو نیە و دەکرێت هەر مۆزیکارێکی دیکەى کوردستان هزر و زادەى تایبەتى خۆیانى لەسەر بنووسن، چونکە من باسم لە تیۆر و بنەماکانى مۆزیکدانان نەکردووە و زیاتر بابەتەکە ئاراستەى (هزر، لێکۆڵینەوە، دراماتیکى و فەلسەفى ) لەخۆدەگرێت، پەیوەندیدارە بە ئەزموونى تایبەتى و بەجۆرێک خستومەتەڕوو کە خوێنەر و ئارەزوومەندیش بەڕوونی لە بابەتەکە تێبگەن.</p>\r\n\r\n<p dir=\"rtl\">* لە بوارى مۆزیکدانان گەر بە شێوازە جیهانیەکەى سەیر بکەین کاتێک باس لە قوتابخانەیەکى ئەوروپى دەکەین، کە بۆ نموونە لە چاخی کلاسیکدا و لەسەر دەستى کەسانى وەک مۆزارت، هایدن و بێتهۆڤن دروست بوون چەندین قۆناغى لەپێشینەیان بڕیووە، ئێمە لەو لایەنەدا دەکەوینە قۆناغى پێش لە پێشینەکانى کلاسیکیشەوە، چونکە تا ئێستا ئێمە لە ماناى گرنگى مۆزیک و جۆرەکانى تێناگەین، کاتێک مۆزارت داهێنانی کردووە باخ و هاندڵ لە بارۆکدا هەبوون و زانیوێتی چی بکات، کاتێک هاندڵ و باخ داهێنانیان کردووە لە ڕێنیسانسدا پۆرسێڵ و تۆماس تالیس کاریان كردووه&zwnj; ، دوای بێتهۆڤن شۆبێرت، فرانس لیست، چایکۆڤسکی، دیبۆسی و ئەوانیدی پیشینەیان هەبووە، بەڵام ئێمە لە مۆزیکداناندا جگە لەم سەردەمەی تێیدا ئەژین هیچ ڕێبازێکی پیشینەمان نەبووە، تا دڵنیابین لە پۆلێنی داهێنان و کاریگەرییەکانمان.</p>\r\n\r\n<p dir=\"rtl\"><strong>* بۆیە ئەم بابەتە خۆى لە چەندین پرسیاردا دەبینێتەوە، بەندە چوار لەوانەم خستووه&zwnj;تەڕوو:</strong></p>\r\n\r\n<p dir=\"rtl\"><strong>1. مۆزیکدانان و فۆرمى مۆزیکى کوردى بوونى هەیە؟</strong></p>\r\n\r\n<p dir=\"rtl\">ئەوەى کە وەک مۆزیکارێکی کورد و هەر نەتەوەیەکى دیکە مۆزیک بنووسێت بەردەوامى هەبێت بێگومان دەگاتە ئاستێک و خاوەنی ڕێچکەیەکی دیار و کاریگەر، بە مەرجێک خاوەن ڕوشنبیریی و سەلیقە و پڕ بەهرەبێت، نەک وەک ئەوەی دەیان کەس تەنها دەڵێن پەیمانگە یان کۆلێجمان تەواو كردووه&zwnj; و بووین بە هونەرمەند، ئەوەی مۆزیکدانەرێکی داهێنەرە یان لایەنیکەم بەرهەمی جوان و دڵنشین دەسازێنێت مەرج نیە بە فۆرمێکی دیاریی کراو و بەکارهاتوو و دەستنیشانکراو مۆزیک بنوسێتەوە، وەک فۆرمەکانی مۆزیکدانان (کۆنسێرتۆ، سۆناتە، سیمفۆنى، سویت و ...)چون گەر مۆزیکدانەرەکە بێ سەلیقە بوو لە بەکارهێنانى فۆرمى وێنا کراویشدا، دەیان بیرۆکەشی لەبەردەستدا بێت و لە بواری مۆزیکیشدا خوێندنی تەواو کردبێت نازانێت چی ئەنجام بدات و یاخود ئەوەی ئەنجامی دەدات گشتییە و ئەوە دەکات کە هەموو کەسێک کاری لەسەر دەکاتەوە.</p>\r\n\r\n<p dir=\"rtl\"><strong>2. ئایا مۆزیکى زانستى بە چ جۆر و شێوازێک دەوترێت؟</strong></p>\r\n\r\n<p dir=\"rtl\">گەر ڕێساکانى مۆزیکدانان لەخۆ بگرێت بە شێوەیەکى گشتى (فۆرم، هارمۆنى، ئۆرکیسترایشن، ئامێرەکان، کاونتەرپۆینت و .... ) یاخود مۆزیکێک ئۆنیسیسۆنێکى بێ گۆڕانکارى بێت خۆرهەڵاتى بێت یان بە ئامێرى فۆلکلۆریش بژەنرێت ڕیزبەندى نێوان ئاواز و بەشەکان، لە هەمانکاتدا شێوەى ژەنین و تواناى ژەنیارەکە دانراوەکە دەکاتە بەرهەمێکى زانستى، ڕۆحى ژەنین و سەلیقە و بەهرەى مۆزیکدانانیش لە پێش ئەو ڕێسا و بنەمایانەوە ڕۆڵى خۆى دەگێڕێت، لە نێو نەتەوە بچووک و تازە پێگەییشتووەکانی خوێندنى هونەردا ئەم لایەنە ڕۆحى و چێژە پشتگوێ دەخرێت، جارێ بیر لە خۆسەپاندن و ئیرەیی دەکەینەوە، بیرمان نەچێت مۆزیک هەمیشە بریتى نیە لە پێشاندانى تواناى تیۆرى و هارمۆنى، خودى ئەو مۆزیکدانەرە پێویستە چێژ و داهێنان بۆ جەماوەر دەستە بەر بکات، چۆن؟ هەنگاوەکانی داهێنان فرە نزیک نەبێت و فرە دوور نەبێت، بە مەبەستی گەشەپێدانی ئاستی بیستنی جەماوەر کار بکات، جەماوەر بە گوزارشتێکی هونەریی بەرز و داهێنانەوە بخاتە بیرکردنەوە، یاخود ئەوەندە بە کاریگەر بێت داهێنان و هونەری جوان و تازە ببێتە باو و جێگەی خراپەکانی بووه&zwnj;تە تەمێکی فرە خراپ پڕبکاتەوە، یەکێک لە داهێنەرەکانی ئۆپێرای ئیتالی&quot;جۆزپێ ڤێردی( 1813 - 1901 )&quot;توانی لەرێگەی ئاوازی ئاریای نێو ئۆپێراکانیدا پیشەوەرێکی ناو بازاڕ و کۆچە و شەقامەکان کە شارەزای مۆزیک نین و ڕۆشنبیر نین ئاوازەکانی لەبەر خۆیانەوە و بەدەم کاری ڕۆژانەوە بڵێنەوە و بیر لەوە بکەنەوە بچنە نێو هۆڵی ئۆپێراوە، داهێنان و ڕۆشنبیرکردنی گوێچکەی بیسەر و نەتەوە بەو چەشنە دەبێت، دواتر هێدی هێدی دەتوانرێت هەنگاوی هاوچەرختر بنرێت، هەڵەیە تەنها بڵێین بۆ خۆمان کاردەکەین، یان بۆ ئەوانەی ئەکادیمیین و شارەزای بوارەکەن، ئەگەر جەماوەر بە ھەند وەرناگرن کەواتە فەرموون با کۆنسێرت و ئاهەنگەکانمان ھەر لە ناو ژوورێکی داخراوی پەیمانگا یان زانکۆ بکرێت بۆ فێرخوازان و مامۆستایانی پسپۆڕی مۆزیک، گوێگر کەیفی خۆیەتی، یان دەڵێین با هۆڵەکە بیست گوێگری تیابێت من کۆنسێرتی خۆم دەکەم ئەو بیستە گوێگری ڕاستەقینەن، بەڵام ئەوە وتە گەلێکن، کە بەزۆر دروستی دەکەین بۆ زیادکردنی هەستی ئەرینی و هاندانی بەشداربووەکان، ئەی گەر بڕیار وابێت گوێگرەکانی دیکە ڕۆشنبیر بکەین فرە گرنگە هۆڵەکە پڕبێت لە جەماوەر و هەنگاوە تازەکان ببینن، بیانکەینە باو لە جێی مۆزیک و سترانە بێ پێزەکان، هێندێکیش دەبێژن من بۆ سەد ساڵ دوای خۆم کاری هونەریی دەکەم، لە ئێستادا پێشکەوتن و گۆڕانکارییەکان فرە لەوە خیراترن کە ئێمە بیریان لێدەکەینەوە، لەبەر ئەوە سەد ساڵ دواتر پێشینەکی نەماوە، گرنگ ئەمڕۆیە، بیر لە هەنگاوی ئێستامان بکەینەوە سەد ساڵی دیکە هەنگاوەکانی ئێستامان دەستنیشانی دەکات، لەبیریشمان نەچێت کات و شوێن بۆ مۆزیک و ستران گرنگترین پێوەرە بۆ دەستنیشان کردنی ڕادەی داهێنان و ئەفراندن.</p>\r\n\r\n<p dir=\"rtl\"><strong>3. ئەوەى لە ئەکادیمیا مۆزیکدانانى خوێندووە ئەوە دەبێتە مۆزیکدانەر، یاخود ئەوەى سیمفۆنى دەنووسێت دەبێت کۆلێج و پەیمانگە و خوێندنى باڵاى لەو بوارەدا تەواو کردبێت ؟</strong></p>\r\n\r\n<p dir=\"rtl\">مەرج نیە چون بنەما تیۆرییەکان و زانستى مۆزیکدانان پەڕاوى نوسراو و شیکاریى مۆزیکدانەرانى لە پێشینەن و پەسەند کراون و بوونەتە باو، یاخود تاقیکردنەوەى نوێى لەسەر دەکرێت، مەرج نیە ئەو تاقیکردنەوانە تەنها فێرخوازى کۆلێج و پەیمانگە بە ئەنجامى بگەیەنن و فێرببن، دواجار چۆنێتى سوود لێوەرگرتن دەبێتە پێوەرى سەرەکى، دەبێت مۆزیکدانەر پاش ماوەیەک لە ئەزمونکردنى بەهرە و تواناکانی بزانێت چى لەسەر ئەو پێویستیە کارى بۆ بکات؟ کام بەشەى کولتورى نەتەوەکەى بۆ دەوڵەمەند دەکرێت؟ یاخود ئەوەى ئەنجامى دەدات بە گشتى سوود و گرنگى و چێژ بە چ بەشێکى کۆمەڵگا دەگەیەنێت؟ لەسەر ئاستى جیهانى چۆن خوێندنەوە بۆ ئەو بەرهەمەى دەکرێت، ئەگەر بڕەخسێت؟ چى گرنگە&nbsp; لە تواناى ئەودا پیشانى بدات؟</p>\r\n\r\n<p dir=\"rtl\">* مۆزیکدانان وەک کارى شیعر نووسین وایە کەسێک بیەوێت ببێتە شاعیر ناتوانێت بچێتە کۆلێجى زمان و بڵێت من هاتووم ببم بە شاعیر، بەڵکو شاعیر و مۆزیکدانەر بە هەمان شێوەى یەکترى بەهرە و هەست و گوزارشتی خودى کەسەکەیە، بە خوێندن بەدەست نایەت، بەڵام ئەوەی شاعیرە یان شیعر دەنوسێت خۆ دەبێت زمانزان بێت، کولتورناس بێت خوێنەر و ڕۆشنبیر بێت، بە هەمان شێوەش زانستەکانى مۆزیکدانان بە تیۆریی و پڕاکتیکی لە کۆلێجێک دەخوێنێت، دواتر گەر پڕ بەهرە بوو سود لە تەکنیکەکانى مۆزیکدانان وەردەگرێت و دەزانێت چۆن ئیلهام و هەستی ڕێک بخات، هەندێک فێرخواز ڕەنگە ببنە مامۆستایەکى ئەو بوارە و خۆیان بە هیچ جۆرێک نەتوانن موزیک دابڕێژن، بۆنمونە مامۆستاى بەناوبانگى کۆنسەرڤاتوارى سەدەى بیستەمى پاریس&quot;نادیە بۆلانجیە( 1887 - 1979)کە دیارترین مامۆستاى مۆزیکدانانى فەرەنسا بووە و زۆرێک لە مۆزیکدانەرانى هاوچەرخ و داهێنەری سەدەى بیستەمی سەرتاپای ئەوروپا، ئەمەریکا، ژاپۆن و ...، فێرخوازی ئەم خانمە بوون، بەڵام خودى خۆى تا نەوەد و دوو ساڵی کەمترین بەرهەمی داڕشتوە و وەک مامۆستایەکی ئەو بوارە یان ڕابەری ئۆرکێسترا ناوبانگی بەرفراوانی بڵاوبووه&zwnj;تەوە.</p>\r\n\r\n<p dir=\"rtl\"><strong>4. ئایا ئەو ستایل و شێوە کارکردنەى کەسێکى پسپۆڕ خوێندویەتى دەبێت سەرجەمى مۆزیکدانەرانی دیکە ئەو شێوە و ستایلە پەیڕەو بکەن؟</strong></p>\r\n\r\n<p dir=\"rtl\">ئەی کەوابێت بۆ ڕەنگی جیاواز هەیە لە مۆزیکداناندا، بۆ ئامێری فرە لە سەرەتای مێژووەوە دروست بووە؟ بۆ زیاتر لە هەزاران مۆزیکدانەر کاریان كردووه&zwnj;، بۆ تەنها لە سەدە و دەیەی ڕۆمانتیکدا ژمارەیەکی فرە ڕێبازی مۆزیکدانان دروست بووە؟ هەر وەک چۆن چەند جۆرێک لە میوەمان هەیە، من ئارەزووی خواردنی ترێ دەکەم، ئەو ئارەزووی هەنار دەکات، گەر ئەو ئارەزووی ترێ خواردنی نەبوو نادروستە و پەسەند نیە؟ تەنانەت لە ناوچەیەک بۆ ناوچەیەکی دیکە چێژی مرۆڤەکان بۆ جۆرەکانی میوە دەگۆڕێت، مۆزیکدان، ستران و جۆرەکانی ئامێرەکانی مۆزیکیش بەهەمان شێوازن، مۆزیکی کلاسیک، جاز، ڕۆک، پۆپ و ... هەمان شێوەن، بەڵام دەبێت هەمویان شێوە جوانەکەی پێشکەش بکرێت، ئەوەی بەهرەمەند بێت پێش ئەوەی کارەکەی بڵاوکاتەوە دەزانێت چی كردووه&zwnj; &nbsp;و ئەنجامەکەی چۆن دەبێت.</p>\r\n\r\n<p dir=\"rtl\"><strong>*هەندێک لەو بۆچونە هەڵانەی، کە بووه&zwnj;تە پێوەری هەڵسەنگاندنمان بۆ مۆزیک و ستران:</strong></p>\r\n\r\n<p dir=\"rtl\">1.کاتێک مۆزیکدانەرێک بەرهەمى زۆرى نوسیبێت ئەوە بە لامانەوە باشترین و گرنگترین و پیرۆزترینە.</p>\r\n\r\n<p dir=\"rtl\">2. بەرهەمێک کاتەکەى دورودرێژ بێت زۆر گەورە و هونەریە بەلامانەوە، گەر کورت خایەنیش بێت ئاستى کەمە و بێ پێزە.</p>\r\n\r\n<p dir=\"rtl\">3. بەرهەمێک پڕ تەکنیک و ڕەوتێکى خێرای هەبێت فرە جوان و بەهێز و گرنگە و بەرهەمێکیش کەم تەکنیک و خاو ڕەوت بێت مۆزیکدانەرەکەى بە لاوازە دەزانین، مەگەر ئەویش وەک میوەکە نیە؟ ئایا جۆری جیاواز لە مرۆڤەکانمان نیە، یەکێک ئاوازی خێرای پێخۆشە، یەکێک خاو، ئەوی دیکە، مامناوەند، هەڵچوو، بەرز، نزم ...</p>\r\n\r\n<p dir=\"rtl\">4. تا ئێستا وا دەزانین بەرهەمێکى زۆر قورس بۆ ژەنیارى بەتوانایە و بەرهەمى ئاسان و سادە بۆ ژەنیارى زۆر خراپە، ئایا مۆزیکدانەر بیر لەوە دەکاتەوە بەرهەم بنوسێت بۆ کەسێک کە ژەنینى زۆر خراپ و ناساز بێت؟ یاخود بەرهەمەکەی بۆ ئۆرکێسترا و گروپێک ئاسانتر بکاتەوە بۆی بژەنرێت، نەخێر گەر ئێمە بڕیار وایە خۆمان بە مۆزیکار بزانین و ناوی خۆمان بنێین هونەرمەند، پێویستە ئەو ئۆرکێسترا و گروپە فرەتر ڕاهێنان بکەن بۆی کارێکی قورس و ئەفراندن پێشکەش بکەن، ئەگەر من هەر مەبەستم ئەوە بێت بەتەنها بڵێن کارێکی كردووه&zwnj; &nbsp;ئەوا هەزاران مرۆڤی دیکە هەیە بەبێ هیچ داهێنان و مەبەستێک سترانێک یان مۆزیکێک پێشکەش بکەن.</p>\r\n\r\n<p dir=\"rtl\"><strong>* مۆزیکدانەر و ئاواز دانەر کێیە و دەبێت چۆن کار بکات ؟</strong></p>\r\n\r\n<p dir=\"rtl\">1. مۆزیکدانەر و ئاوازدانەر دەبێت شارەزابێت، بەئاگابێت، بەهرە و چێژ و ئەزمونی هەبێت، مۆرک و ئاوازی فۆلکلۆر و ناوچە جیاوازەکانی نەتەوەکەی شارەزا بێت، ئاوازی ڕەسەن و باش و خراپ بناسێتەوە، بزانێت بۆچی ئاوازێکی کۆن تازە دەکاتەوە، یاخود بۆ مۆرک و ئاوازی نەتەوەیەکی دیکە بەکاردەهێنێت، ئاوازدانەر مەرج نیە شارەزای زانستی مۆزیک بێت ڕەنگە لە گەرویەکی فرە خۆشەوە بە بینینی هۆنراوەیەک ئاوازێکی دڵنشین بنیات بنێت، پاشان ئەوانی دیکە دەبنە هاوکار و پشتیوانی.</p>\r\n\r\n<p dir=\"rtl\">2. مۆزیکدانان دەبێت داهێنان لەخۆ بگرێت، بەڵام نێوانێکى ئەوەندە زۆرى لەگەڵ جەماوەردا نەبێت و بە جۆرێکیش لەسەر ئاستى جیهان لە دواوە نەبێت کە هەرگیز پێیان نەگاتەوە.</p>\r\n\r\n<p dir=\"rtl\">3. مۆزیکدانەر دەبێت مۆزیکەکەى لە هەر جێگایەک پێشکەشکرا مۆرکى ناوچەکەى تیا بناسرێتەوە، گەر وانەبێت هیچ بایەخێکى نیە وەک داهێنان و پێشخستنى کولتوورى ناوچەکەى، چونکە نەتەوەکانى دیکە هەڵقوڵاون لە نێو مۆرک و ڕیتم و ئاوازی ناوچەکەیان، پێویستیان بە نەتەوەى دیکە نیە کار لەسەر کلتوریان بکات، ئەگەر کارێکیش بەو جۆرە ئەنجام بدەین هیچ ئایدیا و گرنگیەک لەخۆ ناگرێت، بە هاوتای مۆزیکارێکی ئەو ناوچەیە، تەنانەت لە کوردستانیشدا لە ناوچەیەک بۆ ناوچەیەکی دی بەو جۆرەیە، بۆنموونە مۆزیکدانەرێکی بەتوانای هەورامان بە پێزتر کار لەسەر ئاواز و مۆرکی هەورامی دەکات وەک لە ناوچەی لوڕستان، کوردێکی دهۆک یان ئامەد سترانێک بە وشەی کرمانجی باشتر ئەچڕێت وەک لە سترانبێژێکی سلێمانی و هەولێر ...</p>\r\n\r\n<p dir=\"rtl\">4. ئەگەر مۆزیکدانەر خۆى چێژى لە کارەکەى وەرنەگرت ئەوا بە دڵنیاییەوە جەماوەریش چێژى لێ وەرناگرن و هەموو کات لەم سەردەمە خێرایەدا ناکرێت بیر لەوەبکەینەوە کە بەرهەم بۆ دواى خۆمان بێت و پاش چەندین ساڵ درک بکرێت بە گرنگى و سەنگى دانراوەکان.</p>\r\n\r\n<p dir=\"rtl\">5. من کوردم چ گرنکیەکى هەیە لە مۆزیکداناندا خزمەت بکەم بە ئەمه&zwnj;ریکاى لاتین و مۆرکى بۆلیڤى؟ خۆیان دەیان و سەدان مۆزیکدانەر و مۆزیکژەنیان هەیە خزمەت دەکەن ئەگەر وەک خەم و پێویستى کار بکەین بۆ هونەرى نەتەوەکەمان دەبێت گرنگى بە بەرهەمى خۆمان بدەین و کەرەستەى خۆمان بخەینە گەڕ و هەمیشە و هەردەمیش خۆمان بە بچوکتر و کەمتر لە چواردەور نەبینینەوە، گرفتێکیش لە ئارادا نیە کاتێک مۆرک و ئاوازی وڵاتێکی دراوسێ یان ئەوروپی بەکاردهێنینەوە، بەڵام بزانین بۆچ مەبەستێک، نەک بە ناڕاستەوخۆ بێت، یاخود مۆزیکدانەرەکە هەر ئەوە بزانێت بۆیە ئەو ئاوازە و ئەو مۆرکە بەکارده&zwnj;هێنێتەوە.</p>\r\n\r\n<p dir=\"rtl\">6. مۆزیک فرە ڕەنگە، هۆنراوە، ڕۆمان، میوە فرە جۆرە، دروونی مرۆڤەکان و جیاوازیی ژیانی ڕۆژانەیان فرەن، زیندەوەرەکان، ڕووەکەکان هەزاران پۆلێنیان هەیە و..، هەر یەکەی گرنگی خۆی هەیە، پێویستیەک پڕدەکاتەوە، بەڵام کاتێک دەڵێن فرە ڕەنگ لە مۆزیکداناندا دەبێت هەمووی جوانترینەکان بێت، کاتێک دەڵێین میوە پێگەیشتووەکان بێت و گەنیوەکانی نەبێت، کاتێک دەڵێین مۆزیکە فرە ڕەنگە جوانەکان هەر مرۆڤەی جۆرێکیانی پەسەندە، کار لە دڵ و دەروونی دەکات، هەڵەی ئێمە ئەوەیە دەستدەبەین بۆ هەڵبژاردەی جوانی مرۆڤێکی دیکە و ئەوەی ئەو قبوڵ ناکەین، بەس خۆم، پاشان بەس خۆم لەسەر بنەمای ئەوەی من سەرۆکی تیپێکم یان ناوەندێکی خوێندن و ئەکادیمیا دەبێت هەموان لە فێرخواز و ئەوانی دی پەیڕەوی ئەو شێوازە بن کە ئیلهام و گوزارشتی منە، ئێمە لەگەڵ هونەرکردندا پێویست و گرنگە کار بۆ ئەوە بکەین هەڵەکانی ڕابردوو بۆ نەوەی نوێ دووبارە و بەکار نەهێنینەوە، میزاج و بەرژەوەندیی تایبەت داهێنان لەبین دەبات، فرە ڕەنگی ناهێڵێت کە خەسڵەتێکی گرنگە بۆ داهێنان و پێشکەوتنی هونەری نەتەوە.</p>\r\n\r\n<p>&nbsp;</p>\r\n', '2023-03-07 04:41:51', '2023-03-07 05:07:46', 1, 'مۆزیکدانان', '3653e221b004ad3b79eec35b66e944c6.jpg', 2, 'larinn', NULL),
(76, 'داهاتی فیلمی ئانت مان گەشتە ٣٦٣ میلیۆن دۆلار!', 12, 27, '<p>ئەم بەرهەمە سەرکێشی و کۆمیدییە لە دەرهێنانی پەیتن ریدیە، تەنیا لە سینەماکانی ئەمریکای باکوور 167 ملیۆن و هەزار دۆلار و داهاتی لە سینەماکانی دیکەی جیهاندا 196 ملیۆن و 154 هەزار دۆلاری بەدەستهێناوە.</p>\r\n\r\n<p>&nbsp;</p>\r\n\r\n<p>بەشی یەکەمی ئەم بەرهەمە سینەماییە داهاتی لە سینەماکانی جیهاندا 519 ملیۆن دۆلار بوو، ئەمەش وایکرد بڕیارە لەسەر درێژەدان بەم بەرهەمە بدرێت و بکرێت بە زنجیرە فیلم.</p>\r\n\r\n<p>&nbsp;</p>\r\n\r\n<p>ئەم بەرهەمە سینەماییە ماوەی دوو هەفتەیە لە ریزبەندی یەکەمی لیستی فیلمە پڕداهاتەکانی ئەمریکای باکوورە و لە یەکەم هەفتەی نمایشکردنی 177 ملیۆن و 446 هەزار دۆلاری بەدەستهێنا.&nbsp;</p>\r\n', '2023-03-07 05:30:20', '2023-03-08 04:49:33', 1, 'داهاتی-فیلمی-ئانت-مان-گەشتە-٣٦٣-میلیۆن-دۆلار!', 'e50d35d5eaecc1a501944925960754bc.jpg', 12, 'yasinn', NULL),
(78, 'ۆحدسژۆحسدۆۆس', 19, 23, '<p>ادهادهاهحاهحهادحاه</p>\r\n', '2023-03-07 05:34:44', '2023-03-07 05:35:24', 0, 'ۆحدسژۆحسدۆۆس', 'd8f8dedc0591f3b913dbcdf0fdea2687.jpg', NULL, 'yasinn', NULL);

-- --------------------------------------------------------

--
-- Table structure for table `tblsubcategory`
--

CREATE TABLE `tblsubcategory` (
  `SubCategoryId` int(11) NOT NULL,
  `CategoryId` int(11) DEFAULT NULL,
  `Subcategory` varchar(255) DEFAULT NULL,
  `PostingDate` timestamp NOT NULL DEFAULT current_timestamp(),
  `UpdationDate` timestamp NULL DEFAULT NULL ON UPDATE current_timestamp(),
  `Is_Active` int(1) DEFAULT NULL
) ENGINE=InnoDB DEFAULT CHARSET=utf8mb4;

--
-- Dumping data for table `tblsubcategory`
--

INSERT INTO `tblsubcategory` (`SubCategoryId`, `CategoryId`, `Subcategory`, `PostingDate`, `UpdationDate`, `Is_Active`) VALUES
(16, 12, 'وەرزشی', '2023-02-25 19:50:19', NULL, 1),
(17, 13, 'کوردستان', '2023-02-26 07:25:04', '2023-03-02 12:00:10', 0),
(18, 12, 'ئاینی', '2023-02-26 11:43:15', NULL, 1),
(19, 12, 'ئابوری', '2023-02-26 13:53:33', NULL, 1),
(20, 12, 'ئاینی', '2023-02-26 13:53:41', NULL, 1),
(21, 12, 'تەکنەلۆجی', '2023-02-26 13:53:51', NULL, 1),
(22, 12, 'کۆمەڵایەتی', '2023-02-26 13:54:09', NULL, 1),
(23, 19, 'ئاینی', '2023-02-26 13:54:18', NULL, 1),
(24, 12, 'سیاسی', '2023-02-26 13:54:28', NULL, 1),
(25, 20, 'کۆمەڵایتی', '2023-02-26 13:54:40', NULL, 1),
(26, 12, 'رۆشنبیری', '2023-02-26 13:54:50', '2023-03-02 12:00:45', 0),
(27, 12, 'هونەری', '2023-02-26 13:54:58', NULL, 1),
(28, 22, 'کوردستانی', '2023-02-28 19:17:44', NULL, 1),
(29, 22, 'نێودەوڵەتی', '2023-02-28 19:26:41', NULL, 1),
(30, 21, 'ژیانی داخلی', '2023-02-28 20:19:19', NULL, 1),
(31, 21, 'ژیانی خەڵک', '2023-02-28 20:19:29', NULL, 1),
(32, 19, 'نیشتیمانی', '2023-03-06 17:18:37', NULL, 1);

-- --------------------------------------------------------

--
-- Table structure for table `visitors`
--

CREATE TABLE `visitors` (
  `vs_id` int(11) NOT NULL,
  `ip` varchar(55) NOT NULL
) ENGINE=InnoDB DEFAULT CHARSET=utf8mb4;

--
-- Dumping data for table `visitors`
--

INSERT INTO `visitors` (`vs_id`, `ip`) VALUES
(2, '::1');

--
-- Indexes for dumped tables
--

--
-- Indexes for table `tbladmin`
--
ALTER TABLE `tbladmin`
  ADD PRIMARY KEY (`id`),
  ADD KEY `AdminUserName` (`AdminUserName`);

--
-- Indexes for table `tblcategory`
--
ALTER TABLE `tblcategory`
  ADD PRIMARY KEY (`id`);

--
-- Indexes for table `tblcomments`
--
ALTER TABLE `tblcomments`
  ADD PRIMARY KEY (`id`),
  ADD KEY `id` (`id`),
  ADD KEY `postId` (`postId`);

--
-- Indexes for table `tblpages`
--
ALTER TABLE `tblpages`
  ADD PRIMARY KEY (`id`);

--
-- Indexes for table `tblposts`
--
ALTER TABLE `tblposts`
  ADD PRIMARY KEY (`id`),
  ADD KEY `id` (`id`),
  ADD KEY `postcatid` (`CategoryId`),
  ADD KEY `postsucatid` (`SubCategoryId`),
  ADD KEY `subadmin` (`postedBy`);

--
-- Indexes for table `tblsubcategory`
--
ALTER TABLE `tblsubcategory`
  ADD PRIMARY KEY (`SubCategoryId`),
  ADD KEY `catid` (`CategoryId`);

--
-- Indexes for table `visitors`
--
ALTER TABLE `visitors`
  ADD PRIMARY KEY (`vs_id`);

--
-- AUTO_INCREMENT for dumped tables
--

--
-- AUTO_INCREMENT for table `tbladmin`
--
ALTER TABLE `tbladmin`
  MODIFY `id` int(11) NOT NULL AUTO_INCREMENT, AUTO_INCREMENT=21;

--
-- AUTO_INCREMENT for table `tblcategory`
--
ALTER TABLE `tblcategory`
  MODIFY `id` int(11) NOT NULL AUTO_INCREMENT, AUTO_INCREMENT=26;

--
-- AUTO_INCREMENT for table `tblcomments`
--
ALTER TABLE `tblcomments`
  MODIFY `id` int(11) NOT NULL AUTO_INCREMENT, AUTO_INCREMENT=4;

--
-- AUTO_INCREMENT for table `tblpages`
--
ALTER TABLE `tblpages`
  MODIFY `id` int(11) NOT NULL AUTO_INCREMENT, AUTO_INCREMENT=3;

--
-- AUTO_INCREMENT for table `tblposts`
--
ALTER TABLE `tblposts`
  MODIFY `id` int(11) NOT NULL AUTO_INCREMENT, AUTO_INCREMENT=79;

--
-- AUTO_INCREMENT for table `tblsubcategory`
--
ALTER TABLE `tblsubcategory`
  MODIFY `SubCategoryId` int(11) NOT NULL AUTO_INCREMENT, AUTO_INCREMENT=33;

--
-- AUTO_INCREMENT for table `visitors`
--
ALTER TABLE `visitors`
  MODIFY `vs_id` int(11) NOT NULL AUTO_INCREMENT, AUTO_INCREMENT=3;

--
-- Constraints for dumped tables
--

--
-- Constraints for table `tblcomments`
--
ALTER TABLE `tblcomments`
  ADD CONSTRAINT `pid` FOREIGN KEY (`postId`) REFERENCES `tblposts` (`id`) ON DELETE NO ACTION ON UPDATE NO ACTION;

--
-- Constraints for table `tblposts`
--
ALTER TABLE `tblposts`
  ADD CONSTRAINT `postcatid` FOREIGN KEY (`CategoryId`) REFERENCES `tblcategory` (`id`) ON DELETE NO ACTION ON UPDATE NO ACTION,
  ADD CONSTRAINT `postsucatid` FOREIGN KEY (`SubCategoryId`) REFERENCES `tblsubcategory` (`SubCategoryId`) ON DELETE NO ACTION ON UPDATE NO ACTION,
  ADD CONSTRAINT `subadmin` FOREIGN KEY (`postedBy`) REFERENCES `tbladmin` (`AdminUserName`) ON DELETE NO ACTION ON UPDATE NO ACTION;
COMMIT;

/*!40101 SET CHARACTER_SET_CLIENT=@OLD_CHARACTER_SET_CLIENT */;
/*!40101 SET CHARACTER_SET_RESULTS=@OLD_CHARACTER_SET_RESULTS */;
/*!40101 SET COLLATION_CONNECTION=@OLD_COLLATION_CONNECTION */;
